{"skeleton":{"hash":"2i0sKAEF8qByUSWRsd5q6Tzvi5c","spine":"3.6.38","width":0,"height":0,"images":"./images/"},"bones":[{"name":"root"},{"name":"bone","parent":"root","y":20.36},{"name":"bone2","parent":"root","y":-2},{"name":"bone3","parent":"root"}],"slots":[{"name":"xp01","bone":"bone"},{"name":"pai","bone":"bone2"},{"name":"pai2","bone":"bone3"}],"skins":{"default":{"pai":{"pai":{"width":74,"height":53}},"pai2":{"pai":{"width":74,"height":53}},"xp01":{"xp01":{"width":216,"height":117},"xp02":{"width":216,"height":117},"xp03":{"width":216,"height":117},"xp04":{"width":216,"height":117},"xp05":{"width":216,"height":117},"xp06":{"width":216,"height":117},"xp07":{"width":216,"height":117},"xp08":{"width":216,"height":117},"xp09":{"width":216,"height":117},"xp10":{"width":216,"height":117},"xp11":{"width":216,"height":117},"xp12":{"width":216,"height":117},"xp13":{"width":216,"height":117},"xp14":{"width":216,"height":117},"xp15":{"width":216,"height":117},"xp16":{"width":216,"height":117},"xp17":{"width":216,"height":117},"xp18":{"width":216,"height":117},"xp19":{"width":216,"height":117},"xp20":{"width":216,"height":117}}}},"animations":{"xipai":{"slots":{"pai":{"attachment":[{"time":1.3333,"name":"pai"}]},"pai2":{"attachment":[{"time":1.3333,"name":"pai"}]},"xp01":{"attachment":[{"time":0,"name":"xp01"},{"time":0.0667,"name":"xp02"},{"time":0.1333,"name":"xp03"},{"time":0.2,"name":"xp04"},{"time":0.2667,"name":"xp05"},{"time":0.3333,"name":"xp06"},{"time":0.4,"name":"xp07"},{"time":0.4667,"name":"xp08"},{"time":0.5333,"name":"xp09"},{"time":0.6,"name":"xp10"},{"time":0.6667,"name":"xp11"},{"time":0.7333,"name":"xp12"},{"time":0.8,"name":"xp13"},{"time":0.8667,"name":"xp14"},{"time":0.9333,"name":"xp15"},{"time":1,"name":"xp16"},{"time":1.0667,"name":"xp17"},{"time":1.1333,"name":"xp18"},{"time":1.2,"name":"xp19"},{"time":1.2667,"name":"xp20"},{"time":1.3333,"name":null}]}},"bones":{"bone2":{"rotate":[{"time":1.3333,"angle":0,"curve":"stepped"},{"time":1.5,"angle":0}],"translate":[{"time":1.3333,"x":-20.87,"y":0},{"time":1.5,"x":0,"y":0}],"scale":[{"time":1.3333,"x":1,"y":1,"curve":"stepped"},{"time":1.5,"x":1,"y":1}]},"bone3":{"rotate":[{"time":1.3333,"angle":0,"curve":"stepped"},{"time":1.5,"angle":0}],"translate":[{"time":1.3333,"x":28.5,"y":0},{"time":1.5,"x":0,"y":0}],"scale":[{"time":1.3333,"x":1,"y":1,"curve":"stepped"},{"time":1.5,"x":1,"y":1}]}}}}}