{
  "listdata": [
    {
      "md5": "d28f1456cd4dcca9d325bbd2da9e3011", 
      "name": "gameLayer.csb", 
      "path": "dragontiger/res/"
    }, 
    {
      "md5": "25641241b93b3a9fb3255ac672c9003d", 
      "name": "OverLayer.csb", 
      "path": "dragontiger/res/"
    }, 
    {
      "md5": "5cee52764e079d333f248aff8eed8fe6", 
      "name": "WallBill_0.csb", 
      "path": "dragontiger/res/"
    }, 
    {
      "md5": "7754d1441b4d661218636a67c46d398a", 
      "name": "Button_Disable.png", 
      "path": "dragontiger/res/Default/"
    }, 
    {
      "md5": "28300638971e3a59c80cfa25c0594e1c", 
      "name": "Button_Normal.png", 
      "path": "dragontiger/res/Default/"
    }, 
    {
      "md5": "a23c68e9236808ac42d87d9a6bac510a", 
      "name": "Button_Press.png", 
      "path": "dragontiger/res/Default/"
    }, 
    {
      "md5": "18f25c0b86ac9449d9cc1054033eb7c2", 
      "name": "Sprite.png", 
      "path": "dragontiger/res/Default/"
    }, 
    {
      "md5": "d0a887264572cf6208a0511399f704fb", 
      "name": "fnt5.png", 
      "path": "dragontiger/res/fonts/"
    }, 
    {
      "md5": "8fd52467613444ca4f3492285e5a622b", 
      "name": "longhudou_winner_add.fnt", 
      "path": "dragontiger/res/fonts/"
    }, 
    {
      "md5": "0abb35e0c232987c6b3f379fd77be6a4", 
      "name": "longhudou_winner_add_0.png", 
      "path": "dragontiger/res/fonts/"
    }, 
    {
      "md5": "e7658a5109c248d29fbddfc7fa98c338", 
      "name": "rewards.fnt", 
      "path": "dragontiger/res/fonts/"
    }, 
    {
      "md5": "86decab97f694e8d4db4a00fc8554a02", 
      "name": "rewards_0.png", 
      "path": "dragontiger/res/fonts/"
    }, 
    {
      "md5": "b3667e9f9cbf80f4f2383bd3aea1a189", 
      "name": "round_body.ttf", 
      "path": "dragontiger/res/fonts/"
    }, 
    {
      "md5": "788bc88d9bb15112f6dbb99eff2c3d8d", 
      "name": "add.png", 
      "path": "dragontiger/res/img/"
    }, 
    {
      "md5": "4beb56bb14f9f8611cf280e5bb57e6ff", 
      "name": "bg.jpg", 
      "path": "dragontiger/res/img/"
    }, 
    {
      "md5": "5df8f5356af589827de04d4c9221f807", 
      "name": "brtx.png", 
      "path": "dragontiger/res/img/"
    }, 
    {
      "md5": "6e03fb8ee1afe112107589860ef91956", 
      "name": "chex.png", 
      "path": "dragontiger/res/img/"
    }, 
    {
      "md5": "0f14d69617e561cb59a9702a07d2c2ac", 
      "name": "fh.png", 
      "path": "dragontiger/res/img/"
    }, 
    {
      "md5": "0da63cb8b2dbdb81a0ec8ba49795b951", 
      "name": "h3card_btn_hundred.png", 
      "path": "dragontiger/res/img/"
    }, 
    {
      "md5": "9169c5f1c3bbb20e434fef9a12916672", 
      "name": "h3card_img_bg.jpg", 
      "path": "dragontiger/res/img/"
    }, 
    {
      "md5": "611182aee5628e888aaac97cb68b9c6a", 
      "name": "h3card_img_black.png", 
      "path": "dragontiger/res/img/"
    }, 
    {
      "md5": "73acac867f10acd9108c9284e591302b", 
      "name": "h3card_img_danzhanggray.png", 
      "path": "dragontiger/res/img/"
    }, 
    {
      "md5": "d0560d42538ac3e9885571e042131cb2", 
      "name": "h3card_img_he.png", 
      "path": "dragontiger/res/img/"
    }, 
    {
      "md5": "9146a6cc552af6b0eaa44c5fc9407b09", 
      "name": "h3card_img_hongvshei.png", 
      "path": "dragontiger/res/img/"
    }, 
    {
      "md5": "d776497d28fea8626f93ced3c81e5471", 
      "name": "h3card_img_ludan.png", 
      "path": "dragontiger/res/img/"
    }, 
    {
      "md5": "252a3e3c6f87e9269d6ecd5d619edea0", 
      "name": "h3card_img_red.png", 
      "path": "dragontiger/res/img/"
    }, 
    {
      "md5": "f80b62cbb9bf888cc1fb59faf258ff19", 
      "name": "h3card_img_roundrect.png", 
      "path": "dragontiger/res/img/"
    }, 
    {
      "md5": "1fec8a8df1b2a6a22a6adeced8c1dcae", 
      "name": "h3card_img_shadow.png", 
      "path": "dragontiger/res/img/"
    }, 
    {
      "md5": "a3884667ef44c35bb94fc2994300328a", 
      "name": "h3card_item_danzhang.png", 
      "path": "dragontiger/res/img/"
    }, 
    {
      "md5": "9a7e1411635c1928badd65005b99d324", 
      "name": "h3card_item_duizi.png", 
      "path": "dragontiger/res/img/"
    }, 
    {
      "md5": "0f8fe4d3130c932141c311ffe1c7056b", 
      "name": "h3card_notice_raise.png", 
      "path": "dragontiger/res/img/"
    }, 
    {
      "md5": "038f9730a4e56e8356e67ab2551e0658", 
      "name": "he.png", 
      "path": "dragontiger/res/img/"
    }, 
    {
      "md5": "9601da94a52234cdc968d9d86bd5382c", 
      "name": "he1.png", 
      "path": "dragontiger/res/img/"
    }, 
    {
      "md5": "8bfd542d3d5f543a62c3f210801d39d6", 
      "name": "he_xz.png", 
      "path": "dragontiger/res/img/"
    }, 
    {
      "md5": "221749039c5738c543f204455ed566eb", 
      "name": "hu_xz.png", 
      "path": "dragontiger/res/img/"
    }, 
    {
      "md5": "c32b1277926a5671571bf157aa46db8d", 
      "name": "hutou.png", 
      "path": "dragontiger/res/img/"
    }, 
    {
      "md5": "462d61acc40c1a0696d3f6f88df49615", 
      "name": "hy.png", 
      "path": "dragontiger/res/img/"
    }, 
    {
      "md5": "6088a6ec0f8a62af323152c05683a6eb", 
      "name": "jetton0.png", 
      "path": "dragontiger/res/img/"
    }, 
    {
      "md5": "bd4f7877485544c7faa1190478d9b050", 
      "name": "jetton1.png", 
      "path": "dragontiger/res/img/"
    }, 
    {
      "md5": "25c056aa18644f1a3ec5cdffe909b461", 
      "name": "jetton2.png", 
      "path": "dragontiger/res/img/"
    }, 
    {
      "md5": "cadd1a58f91c6d750bded6f9eef93d0e", 
      "name": "jetton3.png", 
      "path": "dragontiger/res/img/"
    }, 
    {
      "md5": "feb5a30a006c5a488a6e538a83194c2f", 
      "name": "jetton4.png", 
      "path": "dragontiger/res/img/"
    }, 
    {
      "md5": "98dea27b8d82d65f5d7fa4b55926c32d", 
      "name": "jies.png", 
      "path": "dragontiger/res/img/"
    }, 
    {
      "md5": "b67a1dd15744a0b41b0c6caefe259126", 
      "name": "jinbi_k.png", 
      "path": "dragontiger/res/img/"
    }, 
    {
      "md5": "a48821a1e82a8271bea00da244012183", 
      "name": "jjkj.png", 
      "path": "dragontiger/res/img/"
    }, 
    {
      "md5": "d2768e560992fddf9d24dff60cccb031", 
      "name": "kpz.png", 
      "path": "dragontiger/res/img/"
    }, 
    {
      "md5": "b49faf56a9e8d8c7d6fd1c62f4134e97", 
      "name": "ksxz.png", 
      "path": "dragontiger/res/img/"
    }, 
    {
      "md5": "3f3ec6cea2afd9245087b08ab288e65f", 
      "name": "ld.png", 
      "path": "dragontiger/res/img/"
    }, 
    {
      "md5": "1d8dddaef549b79f1d122a84bdd1d508", 
      "name": "long_xz.png", 
      "path": "dragontiger/res/img/"
    }, 
    {
      "md5": "a2f39d7b18580899f6ee780ca3040c61", 
      "name": "longtou.png", 
      "path": "dragontiger/res/img/"
    }, 
    {
      "md5": "a5a38671adec4a8c9007bdc9ac893dc4", 
      "name": "ly.png", 
      "path": "dragontiger/res/img/"
    }, 
    {
      "md5": "7ca2f7e17fa815d0ef52e46cb0842eaf", 
      "name": "mdls.png", 
      "path": "dragontiger/res/img/"
    }, 
    {
      "md5": "1c1b3a99301079a9d896fd491b65111c", 
      "name": "menu_bg.png", 
      "path": "dragontiger/res/img/"
    }, 
    {
      "md5": "937b047d4697e2828a8f293dc9cdc914", 
      "name": "menu_fh.png", 
      "path": "dragontiger/res/img/"
    }, 
    {
      "md5": "04d3c3a4a10d4469617bb0a43606bff3", 
      "name": "menu_jt2.png", 
      "path": "dragontiger/res/img/"
    }, 
    {
      "md5": "595af4b9533d4630e031bdfee35cd5aa", 
      "name": "menu_sm.png", 
      "path": "dragontiger/res/img/"
    }, 
    {
      "md5": "e659ea3ff2c602c299fa0869500c9199", 
      "name": "menu_sz.png", 
      "path": "dragontiger/res/img/"
    }, 
    {
      "md5": "7ffeb3e6e1384f0135191bb05ae2757d", 
      "name": "new_bjl_dy_h.png", 
      "path": "dragontiger/res/img/"
    }, 
    {
      "md5": "4a830f9bfdc4bbf2f5c697dfb687a381", 
      "name": "new_bjl_dy_l.png", 
      "path": "dragontiger/res/img/"
    }, 
    {
      "md5": "3ac8f9e545f6878035d5147d85cf04b2", 
      "name": "qxz.png", 
      "path": "dragontiger/res/img/"
    }, 
    {
      "md5": "a044b79d78ca5869bf82a41a0cd14f1d", 
      "name": "sp_rob.png", 
      "path": "dragontiger/res/img/"
    }, 
    {
      "md5": "b9a7f477937a5b919420d0afd51c3d4c", 
      "name": "tishi_bg.png", 
      "path": "dragontiger/res/img/"
    }, 
    {
      "md5": "c9e5dfb881874f83bfdcda62b9892218", 
      "name": "tx_zj.png", 
      "path": "dragontiger/res/img/"
    }, 
    {
      "md5": "8367838128c453c2f04d72678fd6a317", 
      "name": "txk.png", 
      "path": "dragontiger/res/img/"
    }, 
    {
      "md5": "29534bf583cbcb787bda1add39d589e6", 
      "name": "vs.png", 
      "path": "dragontiger/res/img/"
    }, 
    {
      "md5": "4e4e1d5b51ba38bd7021d6c40f24c114", 
      "name": "wh.png", 
      "path": "dragontiger/res/img/"
    }, 
    {
      "md5": "8f4fd58ebed01dc73dfcd1bfc66edb01", 
      "name": "xuya_green.png", 
      "path": "dragontiger/res/img/"
    }, 
    {
      "md5": "53130ae1f508e054a6d0036e8c38cade", 
      "name": "xuya_hui.png", 
      "path": "dragontiger/res/img/"
    }, 
    {
      "md5": "d76e070fb8b51eff84dd51ce8f9c3dcd", 
      "name": "xzq_cm.png", 
      "path": "dragontiger/res/img/"
    }, 
    {
      "md5": "4a1913618a57b9717c4a379265c87a37", 
      "name": "zhezhao.png", 
      "path": "dragontiger/res/img/"
    }, 
    {
      "md5": "ee9d51df3a9617fe0bae4aba898b0907", 
      "name": "zijixz.png", 
      "path": "dragontiger/res/img/"
    }, 
    {
      "md5": "e782e4caa077bf615cb871c175883e87", 
      "name": "dsx_h.png", 
      "path": "dragontiger/res/new_bjl/"
    }, 
    {
      "md5": "64835f88dfb7ca8967ae3eb97ad77f7c", 
      "name": "dsx_l.png", 
      "path": "dragontiger/res/new_bjl/"
    }, 
    {
      "md5": "5e630d0f5ccbd403cd8f417f2aba7a54", 
      "name": "dxx_h.png", 
      "path": "dragontiger/res/new_bjl/"
    }, 
    {
      "md5": "5d5ef4cf98d28ab396e6fd505c530490", 
      "name": "dxx_l.png", 
      "path": "dragontiger/res/new_bjl/"
    }, 
    {
      "md5": "f89a19efcd83b1aa76a23d9031e95b0c", 
      "name": "dy_h.png", 
      "path": "dragontiger/res/new_bjl/"
    }, 
    {
      "md5": "ec58f77b87b99584b4b7538eccbb4805", 
      "name": "dy_l.png", 
      "path": "dragontiger/res/new_bjl/"
    }, 
    {
      "md5": "d721702a7223f5bcbfeb35924e005770", 
      "name": "fnt1.png", 
      "path": "dragontiger/res/new_bjl/"
    }, 
    {
      "md5": "acd7a0d46a2aa672d1a67fe29329bf4f", 
      "name": "fnt2.png", 
      "path": "dragontiger/res/new_bjl/"
    }, 
    {
      "md5": "fa7e6b174ea6f4798c7f72cd56d1cff0", 
      "name": "fnt3.png", 
      "path": "dragontiger/res/new_bjl/"
    }, 
    {
      "md5": "46d59c4b75b0ad46cf71466714d08a19", 
      "name": "fnt4.png", 
      "path": "dragontiger/res/new_bjl/"
    }, 
    {
      "md5": "d0a887264572cf6208a0511399f704fb", 
      "name": "fnt5.png", 
      "path": "dragontiger/res/new_bjl/"
    }, 
    {
      "md5": "91bce61c0e5a88f3b153795159e1668c", 
      "name": "he.png", 
      "path": "dragontiger/res/new_bjl/"
    }, 
    {
      "md5": "25fb732f132a25f87c99701ca1bea803", 
      "name": "hu.png", 
      "path": "dragontiger/res/new_bjl/"
    }, 
    {
      "md5": "5b09485e5ed8e5ab548a6e2f0ebbf5ed", 
      "name": "long.png", 
      "path": "dragontiger/res/new_bjl/"
    }, 
    {
      "md5": "2cad3456e8759235352efb604aeaecff", 
      "name": "ludan_zz.png", 
      "path": "dragontiger/res/new_bjl/"
    }, 
    {
      "md5": "77dc1a933b41b5f57fd6b42fc17b9f82", 
      "name": "room_chipbg.png", 
      "path": "dragontiger/res/new_bjl/"
    }, 
    {
      "md5": "7d449478da619a5b9891b117c1416946", 
      "name": "sitrole_font_score_add.png", 
      "path": "dragontiger/res/new_bjl/"
    }, 
    {
      "md5": "e499ed30a1217001c2b91aeacca42e12", 
      "name": "sitrole_font_score_min.png", 
      "path": "dragontiger/res/new_bjl/"
    }, 
    {
      "md5": "b00ede9b25c39dc522b2e9cd9818bcd2", 
      "name": "sx_h.png", 
      "path": "dragontiger/res/new_bjl/"
    }, 
    {
      "md5": "99159c7eebadc101fd053b6c597ea4c6", 
      "name": "sx_l.png", 
      "path": "dragontiger/res/new_bjl/"
    }, 
    {
      "md5": "b9a7f477937a5b919420d0afd51c3d4c", 
      "name": "tishi_bg.png", 
      "path": "dragontiger/res/new_bjl/"
    }, 
    {
      "md5": "56bda767a412909977c540bd3056c9d3", 
      "name": "xx_h.png", 
      "path": "dragontiger/res/new_bjl/"
    }, 
    {
      "md5": "270da43c338b98485f5f039becd7a7a4", 
      "name": "xx_l.png", 
      "path": "dragontiger/res/new_bjl/"
    }, 
    {
      "md5": "fecc232ecdf6783b76bc1892a9e2c1be", 
      "name": "xy_h.png", 
      "path": "dragontiger/res/new_bjl/"
    }, 
    {
      "md5": "07af725dc1fd122845d9cffc8d272c17", 
      "name": "xy_l.png", 
      "path": "dragontiger/res/new_bjl/"
    }, 
    {
      "md5": "66fd831ecdc254a6ea97b118e377df35", 
      "name": "icon_roomlist_0.png", 
      "path": "dragontiger/res/roomlist/"
    }, 
    {
      "md5": "516e76e38c23e7cb3fffb8c2443727bc", 
      "name": "icon_roomlist_1.png", 
      "path": "dragontiger/res/roomlist/"
    }, 
    {
      "md5": "31561ee978d82b9707c99cb005fdfc08", 
      "name": "icon_roomlist_2.png", 
      "path": "dragontiger/res/roomlist/"
    }, 
    {
      "md5": "eddc9511828438f5d3da1ac55b67e1d5", 
      "name": "roomlist_title.png", 
      "path": "dragontiger/res/roomlist/"
    }, 
    {
      "md5": "5556e52a1cff4706ddcb752dbe6b784f", 
      "name": "Rule.txt", 
      "path": "dragontiger/res/roomlist/"
    }, 
    {
      "md5": "85b139ce11f8fc8447340f4a18489a56", 
      "name": "rule_longhudou.png", 
      "path": "dragontiger/res/roomlist/"
    }, 
    {
      "md5": "966deab48e2b8f20c191ed0ea711798c", 
      "name": "audio_reminded_myself.mp3", 
      "path": "dragontiger/res/sound_res/effect/"
    }, 
    {
      "md5": "29159c500218a84a6dc1d25558a15c9b", 
      "name": "bet.mp3", 
      "path": "dragontiger/res/sound_res/effect/"
    }, 
    {
      "md5": "ebc88278ab816b6b2ccfae9e497ac3ef", 
      "name": "big_winner.mp3", 
      "path": "dragontiger/res/sound_res/effect/"
    }, 
    {
      "md5": "dd219210323e5c8cfc39a02d1ea15e67", 
      "name": "flip_card.mp3", 
      "path": "dragontiger/res/sound_res/effect/"
    }, 
    {
      "md5": "474b668ae047b3e3a1a513c3545a546e", 
      "name": "he.mp3", 
      "path": "dragontiger/res/sound_res/effect/"
    }, 
    {
      "md5": "f061ab1837625751ac4ace3fc17c3e22", 
      "name": "hu_win.mp3", 
      "path": "dragontiger/res/sound_res/effect/"
    }, 
    {
      "md5": "0f49e57e17e7c85c6e872a66c3c03f7e", 
      "name": "lhb_p_1.mp3", 
      "path": "dragontiger/res/sound_res/effect/"
    }, 
    {
      "md5": "9d9740483a05dae8bf75c99addcd28d3", 
      "name": "lhb_p_10.mp3", 
      "path": "dragontiger/res/sound_res/effect/"
    }, 
    {
      "md5": "fda98ead8cfe245b07ada55264b41b8b", 
      "name": "lhb_p_11.mp3", 
      "path": "dragontiger/res/sound_res/effect/"
    }, 
    {
      "md5": "85e797827e2c6a92adc722b9a9227307", 
      "name": "lhb_p_12.mp3", 
      "path": "dragontiger/res/sound_res/effect/"
    }, 
    {
      "md5": "5fba555f636a08ff66b9871e264d4a65", 
      "name": "lhb_p_13.mp3", 
      "path": "dragontiger/res/sound_res/effect/"
    }, 
    {
      "md5": "302c1e18f8150a831aa85777b1df0b77", 
      "name": "lhb_p_2.mp3", 
      "path": "dragontiger/res/sound_res/effect/"
    }, 
    {
      "md5": "8dbfbc1130d3844718b19e6c2cffc718", 
      "name": "lhb_p_3.mp3", 
      "path": "dragontiger/res/sound_res/effect/"
    }, 
    {
      "md5": "b4c6cf32466d9fa29c93804a973ca3ed", 
      "name": "lhb_p_4.mp3", 
      "path": "dragontiger/res/sound_res/effect/"
    }, 
    {
      "md5": "61f60cc8c2fc123f9af4e7ded3eac311", 
      "name": "lhb_p_5.mp3", 
      "path": "dragontiger/res/sound_res/effect/"
    }, 
    {
      "md5": "b621a92b28831d535a2138de6e8e9000", 
      "name": "lhb_p_6.mp3", 
      "path": "dragontiger/res/sound_res/effect/"
    }, 
    {
      "md5": "54fd4d4c3b5276c67c91802bada8f66a", 
      "name": "lhb_p_7.mp3", 
      "path": "dragontiger/res/sound_res/effect/"
    }, 
    {
      "md5": "f65027da60f0ae5416afe46e5e29d63f", 
      "name": "lhb_p_8.mp3", 
      "path": "dragontiger/res/sound_res/effect/"
    }, 
    {
      "md5": "c26136dd0e760470e6b7aafda3481cf2", 
      "name": "lhb_p_9.mp3", 
      "path": "dragontiger/res/sound_res/effect/"
    }, 
    {
      "md5": "a5a8526489db9a1485d85d2b25f39fbb", 
      "name": "long_win.mp3", 
      "path": "dragontiger/res/sound_res/effect/"
    }, 
    {
      "md5": "cac36f50b47e5f1516bb7cb45094bf50", 
      "name": "on_bet0.mp3", 
      "path": "dragontiger/res/sound_res/effect/"
    }, 
    {
      "md5": "603f2ab26880570aa3e9e34b725b2a46", 
      "name": "on_bet1.mp3", 
      "path": "dragontiger/res/sound_res/effect/"
    }, 
    {
      "md5": "53528318e451a3067f9c444bea1ccac7", 
      "name": "on_bet2.mp3", 
      "path": "dragontiger/res/sound_res/effect/"
    }, 
    {
      "md5": "2ac9d64cc8ef72794bd96b2f85ca263d", 
      "name": "on_bet3.mp3", 
      "path": "dragontiger/res/sound_res/effect/"
    }, 
    {
      "md5": "55ae5a4d240016d4e25c2aac46edfd5b", 
      "name": "on_bet4.mp3", 
      "path": "dragontiger/res/sound_res/effect/"
    }, 
    {
      "md5": "b7e2837ec8f5ec8a9ebc87a7406d4ee4", 
      "name": "send_card.mp3", 
      "path": "dragontiger/res/sound_res/effect/"
    }, 
    {
      "md5": "9df2fb096b678834aa08c1f034b7815b", 
      "name": "background.mp3", 
      "path": "dragontiger/res/sound_res/music/"
    }, 
    {
      "md5": "c9c5ec260661825e2d67b00f57553c18", 
      "name": "bet_end.mp3", 
      "path": "dragontiger/res/sound_res/music/"
    }, 
    {
      "md5": "ba19ee129fae69cda086ba587545b95b", 
      "name": "bet_ready.mp3", 
      "path": "dragontiger/res/sound_res/music/"
    }, 
    {
      "md5": "ca3953c35814390aa82e52c536b45936", 
      "name": "bet_start.mp3", 
      "path": "dragontiger/res/sound_res/music/"
    }, 
    {
      "md5": "727b1da1d15482d85aa8271d8f953fe7", 
      "name": "bt.png", 
      "path": "dragontiger/res/userlist/"
    }, 
    {
      "md5": "bcb065dfefe2732b61ee28351a0b89df", 
      "name": "txk.png", 
      "path": "dragontiger/res/userlist/"
    }, 
    {
      "md5": "54bebf30e976d657f2b862807004a6d6", 
      "name": "UserCellNode.csb", 
      "path": "dragontiger/res/userlist/"
    }, 
    {
      "md5": "fdf1fa10a49f9858362eda59f46f719a", 
      "name": "UserItemNode.csb", 
      "path": "dragontiger/res/userlist/"
    }, 
    {
      "md5": "67be6db402f9b766ab4661f1d2454813", 
      "name": "userlist_avatar_frame.png", 
      "path": "dragontiger/res/userlist/"
    }, 
    {
      "md5": "d3d895829f752fd0215f97cd75a1c5b1", 
      "name": "userlist_bg.png", 
      "path": "dragontiger/res/userlist/"
    }, 
    {
      "md5": "f3bdee4464bfa2f331c6b1f5db03865f", 
      "name": "userlist_coin.png", 
      "path": "dragontiger/res/userlist/"
    }, 
    {
      "md5": "bfddbb66455e08d5405f75b2d6d4bfe2", 
      "name": "UserListNode.csb", 
      "path": "dragontiger/res/userlist/"
    }, 
    {
      "md5": "b684c6174885cc79431a5d53ed61bef5", 
      "name": "bjlGameDefine.luac", 
      "path": "dragontiger/src/models/"
    }, 
    {
      "md5": "283e567583c4d2759ca2c96d62b0a3e5", 
      "name": "CMD_Game.luac", 
      "path": "dragontiger/src/models/"
    }, 
    {
      "md5": "03c52ad4bea580d99119cc7a861601d2", 
      "name": "GameFrame.luac", 
      "path": "dragontiger/src/models/"
    }, 
    {
      "md5": "a06783b6635971e5e3c45a00f101275c", 
      "name": "GameLogic.luac", 
      "path": "dragontiger/src/models/"
    }, 
    {
      "md5": "83ae63778b85c27f8bd089fe8f5640b9", 
      "name": "GameLayer.luac", 
      "path": "dragontiger/src/views/"
    }, 
    {
      "md5": "ad2dbd05a2f3f88ab3046a3ea3bc8b07", 
      "name": "GameRoomListLayer.luac", 
      "path": "dragontiger/src/views/"
    }, 
    {
      "md5": "f135026ede4e760d465c5bb51d6d469b", 
      "name": "GameCardLayer.luac", 
      "path": "dragontiger/src/views/layer/"
    }, 
    {
      "md5": "6981e8ced0c2b32e8d6a9f311d0dfa96", 
      "name": "GameViewLayer.luac", 
      "path": "dragontiger/src/views/layer/"
    }, 
    {
      "md5": "b44eb77433c623e15610597c77d247e9", 
      "name": "SettingLayer.luac", 
      "path": "dragontiger/src/views/layer/"
    }, 
    {
      "md5": "22fffaa2a07f4a029e2aa46a40c592f1", 
      "name": "WallBillLayer.luac", 
      "path": "dragontiger/src/views/layer/"
    }, 
    {
      "md5": "5d5b1df6139549f2cdc5263ee3c247a7", 
      "name": "CardsNode.luac", 
      "path": "dragontiger/src/views/layer/gamecard/"
    }, 
    {
      "md5": "896521f1c08ef539dc8fab15fe3c4844", 
      "name": "CardSprite.luac", 
      "path": "dragontiger/src/views/layer/gamecard/"
    }, 
    {
      "md5": "83b35f58ba062586359da1ac89e47f60", 
      "name": "ApplyListLayer.luac", 
      "path": "dragontiger/src/views/layer/userlist/"
    }, 
    {
      "md5": "5e797cd0e97fb75cba74e81cda08b522", 
      "name": "PlayerListLayer.luac", 
      "path": "dragontiger/src/views/layer/userlist/"
    }, 
    {
      "md5": "99b693fcd5dd3e9527a0d00983dc5b54", 
      "name": "SitRoleNode.luac", 
      "path": "dragontiger/src/views/layer/userlist/"
    }, 
    {
      "md5": "4f719ca858db7b4a2cbc1ce8dedf7737", 
      "name": "UserHead.luac", 
      "path": "dragontiger/src/views/layer/userlist/"
    }, 
    {
      "md5": "c6e4e641ef38b2572b1f3039f00096ea", 
      "name": "UserItem.luac", 
      "path": "dragontiger/src/views/layer/userlist/"
    }, 
    {
      "md5": "c5a2af4caf51ad351816ba2bfb200bdd", 
      "name": "UserListLayer.luac", 
      "path": "dragontiger/src/views/layer/userlist/"
    }, 
    {
      "allcount": 158
    }
  ]
}