{"skeleton":{"hash":"tvlZIOerVY13HIZwSWEd473f5/M","spine":"3.6.38","width":207,"height":205,"images":"./images/"},"bones":[{"name":"root"},{"name":"bone3","parent":"root"},{"name":"bone","parent":"bone3","x":-11.16,"y":36.79,"scaleX":1.6,"scaleY":1.6},{"name":"bone2","parent":"bone3","x":10.03,"y":9.68,"scaleX":1.6,"scaleY":1.6}],"slots":[{"name":"shake","bone":"bone3","attachment":"shake"},{"name":"mhdsz_01","bone":"bone","attachment":"mhdsz_01"},{"name":"mhdsz_1","bone":"bone2","attachment":"mhdsz_01"}],"skins":{"default":{"mhdsz_01":{"mhdsz_01":{"width":43,"height":37},"mhdsz_02":{"width":43,"height":42},"mhdsz_03":{"width":41,"height":43},"mhdsz_04":{"width":42,"height":44},"mhdsz_05":{"width":43,"height":40},"mhdsz_06":{"width":34,"height":42},"mhdsz_07":{"width":43,"height":45},"mhdsz_08":{"width":45,"height":41},"mhdsz_09":{"width":44,"height":46},"mhdsz_10":{"width":46,"height":45},"mhdsz_11":{"width":42,"height":44},"mhdsz_12":{"width":45,"height":46},"mhdsz_13":{"width":42,"height":45},"mhdsz_14":{"width":46,"height":47},"mhdsz_15":{"width":45,"height":44},"mhdsz_16":{"width":41,"height":46}},"mhdsz_1":{"mhdsz_01":{"width":43,"height":37},"mhdsz_02":{"width":43,"height":42},"mhdsz_03":{"width":41,"height":43},"mhdsz_04":{"width":42,"height":44},"mhdsz_05":{"width":43,"height":40},"mhdsz_06":{"width":34,"height":42},"mhdsz_07":{"width":43,"height":45},"mhdsz_08":{"width":45,"height":41},"mhdsz_09":{"width":44,"height":46},"mhdsz_10":{"width":46,"height":45},"mhdsz_11":{"width":42,"height":44},"mhdsz_12":{"width":45,"height":46},"mhdsz_13":{"width":42,"height":45},"mhdsz_14":{"width":46,"height":47},"mhdsz_15":{"width":45,"height":44},"mhdsz_16":{"width":41,"height":46}},"shake":{"shake":{"width":207,"height":205}}}},"animations":{"shaizi1":{"slots":{"mhdsz_01":{"attachment":[{"time":0,"name":"mhdsz_01"},{"time":0.0333,"name":"mhdsz_02"},{"time":0.0667,"name":"mhdsz_03"},{"time":0.1,"name":"mhdsz_04"},{"time":0.1333,"name":"mhdsz_05"},{"time":0.1667,"name":"mhdsz_06"},{"time":0.2,"name":"mhdsz_07"},{"time":0.2333,"name":"mhdsz_08"},{"time":0.2667,"name":"mhdsz_09"},{"time":0.3,"name":"mhdsz_10"},{"time":0.3333,"name":"mhdsz_11"},{"time":0.3667,"name":"mhdsz_12"},{"time":0.4,"name":"mhdsz_13"},{"time":0.4333,"name":"mhdsz_14"},{"time":0.4667,"name":"mhdsz_15"},{"time":0.5,"name":"mhdsz_01"},{"time":0.5333,"name":"mhdsz_02"},{"time":0.5667,"name":"mhdsz_03"},{"time":0.6,"name":"mhdsz_04"},{"time":0.6333,"name":"mhdsz_05"},{"time":0.6667,"name":"mhdsz_06"},{"time":0.7,"name":"mhdsz_07"},{"time":0.7333,"name":"mhdsz_08"},{"time":0.7667,"name":"mhdsz_09"},{"time":0.8,"name":"mhdsz_10"},{"time":0.8333,"name":"mhdsz_11"},{"time":0.8667,"name":"mhdsz_12"},{"time":0.9,"name":"mhdsz_13"},{"time":0.9333,"name":"mhdsz_14"},{"time":0.9667,"name":"mhdsz_15"},{"time":1,"name":"mhdsz_01"},{"time":1.0333,"name":"mhdsz_02"},{"time":1.0667,"name":"mhdsz_03"},{"time":1.1,"name":"mhdsz_04"},{"time":1.1333,"name":"mhdsz_05"},{"time":1.1667,"name":"mhdsz_06"},{"time":1.2,"name":"mhdsz_07"},{"time":1.2333,"name":"mhdsz_08"},{"time":1.2667,"name":"mhdsz_09"},{"time":1.3,"name":"mhdsz_10"},{"time":1.3333,"name":"mhdsz_11"},{"time":1.3667,"name":"mhdsz_12"},{"time":1.4,"name":"mhdsz_13"},{"time":1.4333,"name":"mhdsz_14"},{"time":1.4667,"name":"mhdsz_15"},{"time":1.5,"name":"mhdsz_01"},{"time":1.5333,"name":"mhdsz_02"},{"time":1.5667,"name":"mhdsz_03"},{"time":1.6,"name":"mhdsz_04"},{"time":1.6333,"name":"mhdsz_05"},{"time":1.6667,"name":"mhdsz_06"},{"time":1.7,"name":"mhdsz_07"},{"time":1.7333,"name":"mhdsz_08"},{"time":1.7667,"name":"mhdsz_09"},{"time":1.8,"name":"mhdsz_10"},{"time":1.8333,"name":"mhdsz_11"},{"time":1.8667,"name":"mhdsz_12"},{"time":1.9,"name":"mhdsz_13"},{"time":1.9333,"name":"mhdsz_14"},{"time":1.9667,"name":"mhdsz_15"},{"time":2,"name":"mhdsz_16"}]},"mhdsz_1":{"attachment":[{"time":0,"name":"mhdsz_01"},{"time":0.0333,"name":"mhdsz_02"},{"time":0.0667,"name":"mhdsz_03"},{"time":0.1,"name":"mhdsz_04"},{"time":0.1333,"name":"mhdsz_05"},{"time":0.1667,"name":"mhdsz_06"},{"time":0.2,"name":"mhdsz_07"},{"time":0.2333,"name":"mhdsz_08"},{"time":0.2667,"name":"mhdsz_09"},{"time":0.3,"name":"mhdsz_10"},{"time":0.3333,"name":"mhdsz_11"},{"time":0.3667,"name":"mhdsz_12"},{"time":0.4,"name":"mhdsz_13"},{"time":0.4333,"name":"mhdsz_14"},{"time":0.4667,"name":"mhdsz_15"},{"time":0.5,"name":"mhdsz_01"},{"time":0.5333,"name":"mhdsz_02"},{"time":0.5667,"name":"mhdsz_03"},{"time":0.6,"name":"mhdsz_04"},{"time":0.6333,"name":"mhdsz_05"},{"time":0.6667,"name":"mhdsz_06"},{"time":0.7,"name":"mhdsz_07"},{"time":0.7333,"name":"mhdsz_08"},{"time":0.7667,"name":"mhdsz_09"},{"time":0.8,"name":"mhdsz_10"},{"time":0.8333,"name":"mhdsz_11"},{"time":0.8667,"name":"mhdsz_12"},{"time":0.9,"name":"mhdsz_13"},{"time":0.9333,"name":"mhdsz_14"},{"time":0.9667,"name":"mhdsz_15"},{"time":1,"name":"mhdsz_01"},{"time":1.0333,"name":"mhdsz_02"},{"time":1.0667,"name":"mhdsz_03"},{"time":1.1,"name":"mhdsz_04"},{"time":1.1333,"name":"mhdsz_05"},{"time":1.1667,"name":"mhdsz_06"},{"time":1.2,"name":"mhdsz_07"},{"time":1.2333,"name":"mhdsz_08"},{"time":1.2667,"name":"mhdsz_09"},{"time":1.3,"name":"mhdsz_10"},{"time":1.3333,"name":"mhdsz_11"},{"time":1.3667,"name":"mhdsz_12"},{"time":1.4,"name":"mhdsz_13"},{"time":1.4333,"name":"mhdsz_14"},{"time":1.4667,"name":"mhdsz_15"},{"time":1.5,"name":"mhdsz_01"},{"time":1.5333,"name":"mhdsz_02"},{"time":1.5667,"name":"mhdsz_03"},{"time":1.6,"name":"mhdsz_04"},{"time":1.6333,"name":"mhdsz_05"},{"time":1.6667,"name":"mhdsz_06"},{"time":1.7,"name":"mhdsz_07"},{"time":1.7333,"name":"mhdsz_08"},{"time":1.7667,"name":"mhdsz_09"},{"time":1.8,"name":"mhdsz_10"},{"time":1.8333,"name":"mhdsz_11"},{"time":1.8667,"name":"mhdsz_12"},{"time":1.9,"name":"mhdsz_13"},{"time":1.9333,"name":"mhdsz_14"},{"time":1.9667,"name":"mhdsz_15"},{"time":2,"name":"mhdsz_16"}]}},"bones":{"bone":{"rotate":[{"time":0,"angle":0,"curve":"stepped"},{"time":0.5,"angle":0,"curve":"stepped"},{"time":1,"angle":0,"curve":"stepped"},{"time":1.5,"angle":0,"curve":"stepped"},{"time":2,"angle":0}],"translate":[{"time":0,"x":0,"y":0},{"time":0.1,"x":-26.1,"y":16.45},{"time":0.2333,"x":21.38,"y":34.2},{"time":0.3667,"x":-27.57,"y":-6.95},{"time":0.5,"x":0,"y":0},{"time":0.6,"x":-26.1,"y":16.45},{"time":0.7333,"x":21.38,"y":34.2},{"time":0.8667,"x":-27.57,"y":-6.95},{"time":1,"x":0,"y":0},{"time":1.1,"x":-26.1,"y":16.45},{"time":1.2333,"x":21.38,"y":34.2},{"time":1.3667,"x":-27.57,"y":-6.95},{"time":1.5,"x":0,"y":0},{"time":1.6,"x":-26.1,"y":16.45},{"time":1.7333,"x":21.38,"y":34.2},{"time":1.8667,"x":-27.57,"y":-6.95},{"time":2,"x":0,"y":0}],"scale":[{"time":0,"x":1,"y":1,"curve":"stepped"},{"time":0.5,"x":1,"y":1,"curve":"stepped"},{"time":1,"x":1,"y":1,"curve":"stepped"},{"time":1.5,"x":1,"y":1,"curve":"stepped"},{"time":2,"x":1,"y":1}]},"bone2":{"rotate":[{"time":0,"angle":0,"curve":"stepped"},{"time":0.5,"angle":0,"curve":"stepped"},{"time":1,"angle":0,"curve":"stepped"},{"time":1.5,"angle":0,"curve":"stepped"},{"time":2,"angle":0}],"translate":[{"time":0,"x":0,"y":0},{"time":0.1,"x":12.1,"y":56.46},{"time":0.2333,"x":0,"y":-2.93},{"time":0.3667,"x":31.2,"y":20.94},{"time":0.5,"x":0,"y":0},{"time":0.6,"x":12.1,"y":56.46},{"time":0.7333,"x":0,"y":-2.93},{"time":0.8667,"x":31.2,"y":20.94},{"time":1,"x":0,"y":0},{"time":1.1,"x":12.1,"y":56.46},{"time":1.2333,"x":0,"y":-2.93},{"time":1.3667,"x":31.2,"y":20.94},{"time":1.5,"x":0,"y":0},{"time":1.6,"x":12.1,"y":56.46},{"time":1.7333,"x":0,"y":-2.93},{"time":1.8667,"x":31.2,"y":20.94},{"time":2,"x":0,"y":0}],"scale":[{"time":0,"x":1,"y":1,"curve":"stepped"},{"time":0.5,"x":1,"y":1,"curve":"stepped"},{"time":1,"x":1,"y":1,"curve":"stepped"},{"time":1.5,"x":1,"y":1,"curve":"stepped"},{"time":2,"x":1,"y":1}]},"bone3":{"rotate":[{"time":0,"angle":0,"curve":"stepped"},{"time":0.1,"angle":0,"curve":"stepped"},{"time":0.2,"angle":0,"curve":"stepped"},{"time":0.3,"angle":0,"curve":"stepped"},{"time":0.4,"angle":0,"curve":"stepped"},{"time":0.5,"angle":0,"curve":"stepped"},{"time":0.6,"angle":0,"curve":"stepped"},{"time":0.7,"angle":0,"curve":"stepped"},{"time":0.8,"angle":0,"curve":"stepped"},{"time":0.9,"angle":0,"curve":"stepped"},{"time":1,"angle":0,"curve":"stepped"},{"time":1.1,"angle":0,"curve":"stepped"},{"time":1.2,"angle":0,"curve":"stepped"},{"time":1.3,"angle":0,"curve":"stepped"},{"time":1.4,"angle":0,"curve":"stepped"},{"time":1.5,"angle":0,"curve":"stepped"},{"time":1.6,"angle":0,"curve":"stepped"},{"time":1.7,"angle":0,"curve":"stepped"},{"time":1.8,"angle":0,"curve":"stepped"},{"time":1.9,"angle":0,"curve":"stepped"},{"time":2,"angle":0}],"translate":[{"time":0,"x":0,"y":0},{"time":0.1,"x":15,"y":15},{"time":0.2,"x":0,"y":30},{"time":0.3,"x":-15,"y":15},{"time":0.4,"x":0,"y":0},{"time":0.5,"x":15,"y":15},{"time":0.6,"x":0,"y":30},{"time":0.7,"x":-15,"y":15},{"time":0.8,"x":0,"y":0},{"time":0.9,"x":15,"y":15},{"time":1,"x":0,"y":30},{"time":1.1,"x":-15,"y":15},{"time":1.2,"x":0,"y":0},{"time":1.3,"x":15,"y":15},{"time":1.4,"x":0,"y":30},{"time":1.5,"x":-15,"y":15},{"time":1.6,"x":0,"y":0},{"time":1.7,"x":15,"y":15},{"time":1.8,"x":0,"y":30},{"time":1.9,"x":-15,"y":15},{"time":2,"x":0,"y":0}],"scale":[{"time":0,"x":1,"y":1,"curve":"stepped"},{"time":0.1,"x":1,"y":1,"curve":"stepped"},{"time":0.2,"x":1,"y":1,"curve":"stepped"},{"time":0.3,"x":1,"y":1,"curve":"stepped"},{"time":0.4,"x":1,"y":1,"curve":"stepped"},{"time":0.5,"x":1,"y":1,"curve":"stepped"},{"time":0.6,"x":1,"y":1,"curve":"stepped"},{"time":0.7,"x":1,"y":1,"curve":"stepped"},{"time":0.8,"x":1,"y":1,"curve":"stepped"},{"time":0.9,"x":1,"y":1,"curve":"stepped"},{"time":1,"x":1,"y":1,"curve":"stepped"},{"time":1.1,"x":1,"y":1,"curve":"stepped"},{"time":1.2,"x":1,"y":1,"curve":"stepped"},{"time":1.3,"x":1,"y":1,"curve":"stepped"},{"time":1.4,"x":1,"y":1,"curve":"stepped"},{"time":1.5,"x":1,"y":1,"curve":"stepped"},{"time":1.6,"x":1,"y":1,"curve":"stepped"},{"time":1.7,"x":1,"y":1,"curve":"stepped"},{"time":1.8,"x":1,"y":1,"curve":"stepped"},{"time":1.9,"x":1,"y":1,"curve":"stepped"},{"time":2,"x":1,"y":1}]}}},"shaizi2":{"slots":{"mhdsz_1":{"attachment":[{"time":0,"name":null}]},"mhdsz_01":{"attachment":[{"time":0,"name":null}]}}}}}