{
  "listdata": [
    {
      "md5": "8bd27e57c414cde8b527af09fc858eed", 
      "name": "Alert.csb", 
      "path": "gobang/res/game_res/"
    }, 
    {
      "md5": "f0483c4070956b0cc8f398f7ffeea9c4", 
      "name": "all_quit.png", 
      "path": "gobang/res/game_res/"
    }, 
    {
      "md5": "12667509092e45cab2b5a3b4f8aa7ba4", 
      "name": "back_music.mp3", 
      "path": "gobang/res/game_res/"
    }, 
    {
      "md5": "6651919072653279622cd6ce99cdaa98", 
      "name": "box_black.png", 
      "path": "gobang/res/game_res/"
    }, 
    {
      "md5": "9c8c923e50ec55cd0969a7f66bee73eb", 
      "name": "box_white.png", 
      "path": "gobang/res/game_res/"
    }, 
    {
      "md5": "acb6c026c439f8e764b09235e2922747", 
      "name": "BT_agree_0.png", 
      "path": "gobang/res/game_res/"
    }, 
    {
      "md5": "1b4515506a91d83e5f9f4066dfeb0894", 
      "name": "BT_agree_1.png", 
      "path": "gobang/res/game_res/"
    }, 
    {
      "md5": "fd488c241dee66130841ecfc0629d548", 
      "name": "BT_cancel_0.png", 
      "path": "gobang/res/game_res/"
    }, 
    {
      "md5": "8b24ad57153293269cf7f01913271322", 
      "name": "BT_cancel_1.png", 
      "path": "gobang/res/game_res/"
    }, 
    {
      "md5": "2121e9c4710c3f3b5bad8a0c703ce70d", 
      "name": "BT_close_0.png", 
      "path": "gobang/res/game_res/"
    }, 
    {
      "md5": "5aef72ba8b04ca606eed7f1f624bd813", 
      "name": "BT_close_1.png", 
      "path": "gobang/res/game_res/"
    }, 
    {
      "md5": "99dbc990fa6db8b5d3e11669f0093423", 
      "name": "BT_disagree_0.png", 
      "path": "gobang/res/game_res/"
    }, 
    {
      "md5": "849371ae45bc0b4cff4f1c3ceebc0790", 
      "name": "BT_disagree_1.png", 
      "path": "gobang/res/game_res/"
    }, 
    {
      "md5": "0be7bdc62576b3e9b7caef2ded01c298", 
      "name": "bt_fee_0.png", 
      "path": "gobang/res/game_res/"
    }, 
    {
      "md5": "cfd932c07310995f98c23eb9a6ae1ad9", 
      "name": "bt_fee_1.png", 
      "path": "gobang/res/game_res/"
    }, 
    {
      "md5": "3f1da3f9bfb0f2560bacaa589fa749e1", 
      "name": "bt_lose_0.png", 
      "path": "gobang/res/game_res/"
    }, 
    {
      "md5": "8ef75788c02bb88b5e01ad74f754de0f", 
      "name": "bt_lose_1.png", 
      "path": "gobang/res/game_res/"
    }, 
    {
      "md5": "db4eaeca6766752d86481a907c0eea17", 
      "name": "BT_menu_0.png", 
      "path": "gobang/res/game_res/"
    }, 
    {
      "md5": "91e2bfcb334630a47ee7ba8dd5339a43", 
      "name": "BT_menu_1.png", 
      "path": "gobang/res/game_res/"
    }, 
    {
      "md5": "e2ee70bb544bcc8d12b5e1582242e1c9", 
      "name": "bt_peace_0.png", 
      "path": "gobang/res/game_res/"
    }, 
    {
      "md5": "2a4c1431f8f377904588dda910551122", 
      "name": "bt_peace_1.png", 
      "path": "gobang/res/game_res/"
    }, 
    {
      "md5": "bbfec3c72fbba7e2f1f879080d0a28a0", 
      "name": "BT_quit_0.png", 
      "path": "gobang/res/game_res/"
    }, 
    {
      "md5": "817741bd547f07913fb1aa9b9cd4ee2a", 
      "name": "BT_quit_1.png", 
      "path": "gobang/res/game_res/"
    }, 
    {
      "md5": "b6c82df913773505276c5847b17cb1f1", 
      "name": "bt_regret_0.png", 
      "path": "gobang/res/game_res/"
    }, 
    {
      "md5": "52f5e677b5eede73aaab059b2e183257", 
      "name": "bt_regret_1.png", 
      "path": "gobang/res/game_res/"
    }, 
    {
      "md5": "d695291d28a2b4463885743971484980", 
      "name": "BT_set_0.png", 
      "path": "gobang/res/game_res/"
    }, 
    {
      "md5": "ba96e0f613c72201553fc314981d13d6", 
      "name": "BT_set_1.png", 
      "path": "gobang/res/game_res/"
    }, 
    {
      "md5": "8551ee931f15a5bb6706a689a997da64", 
      "name": "BT_suond_0.png", 
      "path": "gobang/res/game_res/"
    }, 
    {
      "md5": "c691a7b1cd0251b8b4d90b8213735238", 
      "name": "BT_suond_1.png", 
      "path": "gobang/res/game_res/"
    }, 
    {
      "md5": "3ae5da5864351ce4e32ccd7cba5e6c69", 
      "name": "BT_time_num.png", 
      "path": "gobang/res/game_res/"
    }, 
    {
      "md5": "67108714d7bd83ff2ccb6239cfbd9b63", 
      "name": "btn_ready.png", 
      "path": "gobang/res/game_res/"
    }, 
    {
      "md5": "68239f7d8e181da939aa43517fc272d4", 
      "name": "btn_ready_1.png", 
      "path": "gobang/res/game_res/"
    }, 
    {
      "md5": "76e490d256d0d19037b69d5bbd3b9430", 
      "name": "btn_sure_0.png", 
      "path": "gobang/res/game_res/"
    }, 
    {
      "md5": "49374be4cc74d7ad89c6188baa5919d2", 
      "name": "btn_sure_1.png", 
      "path": "gobang/res/game_res/"
    }, 
    {
      "md5": "fa33d8d19b4256cad3da37c0b6affe0f", 
      "name": "chess_0.png", 
      "path": "gobang/res/game_res/"
    }, 
    {
      "md5": "d8c25562035685b07a267e599749156f", 
      "name": "chess_1.png", 
      "path": "gobang/res/game_res/"
    }, 
    {
      "md5": "d77d972149e8eb0fae76566a209c847f", 
      "name": "Coach.csb", 
      "path": "gobang/res/game_res/"
    }, 
    {
      "md5": "06a17c3bd08c0872b7cf43feb6feceb9", 
      "name": "coach_bg.png", 
      "path": "gobang/res/game_res/"
    }, 
    {
      "md5": "1ac9dfd2d09e636f5b29fc730b95d610", 
      "name": "effect_chess.png", 
      "path": "gobang/res/game_res/"
    }, 
    {
      "md5": "f62b14e231aba9006f39dd7bf3c064ec", 
      "name": "Game.csb", 
      "path": "gobang/res/game_res/"
    }, 
    {
      "md5": "67fe068ec074656afa82c4f250bf6b33", 
      "name": "game_bg.png", 
      "path": "gobang/res/game_res/"
    }, 
    {
      "md5": "20c200fe1d2794cf0f1948dff03c3754", 
      "name": "game_table.png", 
      "path": "gobang/res/game_res/"
    }, 
    {
      "md5": "00d2cd930627b546bc0c6bf32cd0a464", 
      "name": "GameOver.csb", 
      "path": "gobang/res/game_res/"
    }, 
    {
      "md5": "389c01d1c469a61a474ab2cfc3f36c53", 
      "name": "icon_ready.png", 
      "path": "gobang/res/game_res/"
    }, 
    {
      "md5": "39be68e4fee7394b9856adcdca19a02c", 
      "name": "menu_bg.png", 
      "path": "gobang/res/game_res/"
    }, 
    {
      "md5": "470ce413cfae5db88e66144d813b6c36", 
      "name": "num.png", 
      "path": "gobang/res/game_res/"
    }, 
    {
      "md5": "62632c0eb75a01ce2c31e40562894028", 
      "name": "over_detail.png", 
      "path": "gobang/res/game_res/"
    }, 
    {
      "md5": "27958e45de51cc2ec51cdd55f0a45467", 
      "name": "over_nick.png", 
      "path": "gobang/res/game_res/"
    }, 
    {
      "md5": "2680312f6b6834b1e9e3b2acf61c2330", 
      "name": "over_title.png", 
      "path": "gobang/res/game_res/"
    }, 
    {
      "md5": "b473a9f2b2bce53d3bf5c8a8230b7569", 
      "name": "player_bg.png", 
      "path": "gobang/res/game_res/"
    }, 
    {
      "md5": "66df23c9be218aef28856e81d127188d", 
      "name": "round_time.png", 
      "path": "gobang/res/game_res/"
    }, 
    {
      "md5": "4dadc9a170c6f60b739656a90c5ae6f4", 
      "name": "select_icon.png", 
      "path": "gobang/res/game_res/"
    }, 
    {
      "md5": "436c250f2c071ff4a6ef82b5fca57aba", 
      "name": "Setting.csb", 
      "path": "gobang/res/game_res/"
    }, 
    {
      "md5": "b8e11e176bdd470c16569387e2d699ba", 
      "name": "step_time.png", 
      "path": "gobang/res/game_res/"
    }, 
    {
      "md5": "9ebbcd3b6370fa613af7f84dc78315ce", 
      "name": "time_bg.PNG", 
      "path": "gobang/res/game_res/"
    }, 
    {
      "md5": "5720b75566ef542691f2dcfee245c191", 
      "name": "tips_bg.png", 
      "path": "gobang/res/game_res/"
    }, 
    {
      "md5": "59d7f96277e2a8b2a10627c44abaae65", 
      "name": "title_bg.png", 
      "path": "gobang/res/game_res/"
    }, 
    {
      "md5": "abd4c62d69a7e435fd5c1bc7ee917059", 
      "name": "txt_bg.png", 
      "path": "gobang/res/game_res/"
    }, 
    {
      "md5": "7459b21f70d9e159dda44a759d0e7375", 
      "name": "txt_coachFee.png", 
      "path": "gobang/res/game_res/"
    }, 
    {
      "md5": "2a66e788fde015473e1a22713faa2fd9", 
      "name": "txt_otherUser.png", 
      "path": "gobang/res/game_res/"
    }, 
    {
      "md5": "6acffe55de71c0fbbb0558664f7d218c", 
      "name": "QiHe_Effect_00.png", 
      "path": "gobang/res/game_res/box_effect/"
    }, 
    {
      "md5": "a04d42075cfa741911213ab475ac886a", 
      "name": "QiHe_Effect_01.png", 
      "path": "gobang/res/game_res/box_effect/"
    }, 
    {
      "md5": "ec859663f564e51322c4097ec501e667", 
      "name": "QiHe_Effect_02.png", 
      "path": "gobang/res/game_res/box_effect/"
    }, 
    {
      "md5": "adad3abecbe43954905e626a8148f6fc", 
      "name": "QiHe_Effect_03.png", 
      "path": "gobang/res/game_res/box_effect/"
    }, 
    {
      "md5": "7d9ca30877c3fa7ebe5de2a447cf2279", 
      "name": "QiHe_Effect_04.png", 
      "path": "gobang/res/game_res/box_effect/"
    }, 
    {
      "md5": "3c051e67e66225d6e4b1c96cdc56ac5c", 
      "name": "QiHe_Effect_05.png", 
      "path": "gobang/res/game_res/box_effect/"
    }, 
    {
      "md5": "40f7e7c15ef331b022cbab822255f211", 
      "name": "QiHe_Effect_06.png", 
      "path": "gobang/res/game_res/box_effect/"
    }, 
    {
      "md5": "075ca12747ab4598fef3261e33f7a41e", 
      "name": "QiHe_Effect_07.png", 
      "path": "gobang/res/game_res/box_effect/"
    }, 
    {
      "md5": "29bcd849f0f1d9be88be55179d667b1e", 
      "name": "QiHe_Effect_08.png", 
      "path": "gobang/res/game_res/box_effect/"
    }, 
    {
      "md5": "1292a086aa78e2a79585bdfd3582e0c7", 
      "name": "QiHe_Effect_09.png", 
      "path": "gobang/res/game_res/box_effect/"
    }, 
    {
      "md5": "9c359a69e5ad5086e004bd1f8af5d77b", 
      "name": "QiHe_Effect_10.png", 
      "path": "gobang/res/game_res/box_effect/"
    }, 
    {
      "md5": "bebebb34a37aa1da770d435f28d6ece1", 
      "name": "QiHe_Effect_11.png", 
      "path": "gobang/res/game_res/box_effect/"
    }, 
    {
      "md5": "6882310a9bf371726328ce9b65245d3b", 
      "name": "QiHe_Effect_12.png", 
      "path": "gobang/res/game_res/box_effect/"
    }, 
    {
      "md5": "5931532f0131c1e795ab8d6148f56ed3", 
      "name": "QiHe_Effect_13.png", 
      "path": "gobang/res/game_res/box_effect/"
    }, 
    {
      "md5": "a69fdd225dd8ceac850d74b5fd5b40b4", 
      "name": "QiHe_Effect_14.png", 
      "path": "gobang/res/game_res/box_effect/"
    }, 
    {
      "md5": "4440dabc4cce9b41022430d2079dd9f2", 
      "name": "QiHe_Effect_15.png", 
      "path": "gobang/res/game_res/box_effect/"
    }, 
    {
      "md5": "a60b5fc9297678cf1df358af7bb275e3", 
      "name": "QiHe_Effect_16.png", 
      "path": "gobang/res/game_res/box_effect/"
    }, 
    {
      "md5": "e9df43c64b9e14ed183a393f1d5f09b8", 
      "name": "QiHe_Effect_17.png", 
      "path": "gobang/res/game_res/box_effect/"
    }, 
    {
      "md5": "c8c945acdeaed12fb6a2297add7f2f50", 
      "name": "QiHe_Effect_18.png", 
      "path": "gobang/res/game_res/box_effect/"
    }, 
    {
      "md5": "527733e649e4c316499ed41ff650759e", 
      "name": "QiHe_Effect_19.png", 
      "path": "gobang/res/game_res/box_effect/"
    }, 
    {
      "md5": "325b8af12d881bab31e58dbdcc06fb21", 
      "name": "QiHe_Effect_20.png", 
      "path": "gobang/res/game_res/box_effect/"
    }, 
    {
      "md5": "72186f81cd144a9751145fd997998ab7", 
      "name": "QiHe_Effect_21.png", 
      "path": "gobang/res/game_res/box_effect/"
    }, 
    {
      "md5": "53a2f10281300bc5e94965715d674719", 
      "name": "QiHe_Effect_22.png", 
      "path": "gobang/res/game_res/box_effect/"
    }, 
    {
      "md5": "d4dc1f3dd75a044ca6d0b23a7864b091", 
      "name": "QiHe_Effect_23.png", 
      "path": "gobang/res/game_res/box_effect/"
    }, 
    {
      "md5": "0ff47c21efb0691da457801aa8c429d4", 
      "name": "QiHe_Effect_24.png", 
      "path": "gobang/res/game_res/box_effect/"
    }, 
    {
      "md5": "a6d80e4664ab94e9f77da225c312d87e", 
      "name": "QiHe_Effect_25.png", 
      "path": "gobang/res/game_res/box_effect/"
    }, 
    {
      "md5": "40530296934672b5fc5025feff3a8d54", 
      "name": "QiHe_Effect_26.png", 
      "path": "gobang/res/game_res/box_effect/"
    }, 
    {
      "md5": "893f84c3df180615e136d83ae9429c82", 
      "name": "QiHe_Effect_27.png", 
      "path": "gobang/res/game_res/box_effect/"
    }, 
    {
      "md5": "31b07dbba12c19d907fb065bde907a84", 
      "name": "QiHe_Effect_28.png", 
      "path": "gobang/res/game_res/box_effect/"
    }, 
    {
      "md5": "3775a2f840e0255206d7cf20ee03b7af", 
      "name": "QiHe_Effect_29.png", 
      "path": "gobang/res/game_res/box_effect/"
    }, 
    {
      "md5": "2ab73ece68a87eac8baa79bb354a2dbb", 
      "name": "QiHe_Effect_30.png", 
      "path": "gobang/res/game_res/box_effect/"
    }, 
    {
      "md5": "069bc34b8a523685c8467f1c29f1380b", 
      "name": "QiHe_Effect_31.png", 
      "path": "gobang/res/game_res/box_effect/"
    }, 
    {
      "md5": "5e0cb65ed3921f68458fb4e239db8eee", 
      "name": "icon_roomlist_0.png", 
      "path": "gobang/res/roomlist/"
    }, 
    {
      "md5": "5e0cb65ed3921f68458fb4e239db8eee", 
      "name": "icon_roomlist_1.png", 
      "path": "gobang/res/roomlist/"
    }, 
    {
      "md5": "5e0cb65ed3921f68458fb4e239db8eee", 
      "name": "icon_roomlist_2.png", 
      "path": "gobang/res/roomlist/"
    }, 
    {
      "md5": "e4b6a3497fa4cb07a923710c7290608a", 
      "name": "roomlist_title.png", 
      "path": "gobang/res/roomlist/"
    }, 
    {
      "md5": "f467b3779585ac7285ee6d0bf296212d", 
      "name": "roomtable.png", 
      "path": "gobang/res/roomlist/"
    }, 
    {
      "md5": "67222adcf2ed475b2133213c135a901c", 
      "name": "roomtable_play.png", 
      "path": "gobang/res/roomlist/"
    }, 
    {
      "md5": "c2f4bfb35996a89456c2c037be3b7d77", 
      "name": "Rule.txt", 
      "path": "gobang/res/roomlist/"
    }, 
    {
      "md5": "28e342ac76fab4947a6b713bc195bc0f", 
      "name": "cmd_game.luac", 
      "path": "gobang/src/models/"
    }, 
    {
      "md5": "b0a972d6986985e10607b9e8457f2749", 
      "name": "GameFrame.luac", 
      "path": "gobang/src/models/"
    }, 
    {
      "md5": "e5d8422574c68ca67cad8e6bdfd55cbe", 
      "name": "GameLayer.luac", 
      "path": "gobang/src/views/"
    }, 
    {
      "md5": "063bdad5f78cd1b912dd87f6007ebb71", 
      "name": "GameRoomLayer.luac", 
      "path": "gobang/src/views/"
    }, 
    {
      "md5": "f803bd741224c16ae61c7ccc87a7c48c", 
      "name": "GameRoomListLayer.luac", 
      "path": "gobang/src/views/"
    }, 
    {
      "md5": "7f56157ba1e01fc20a2a997041132b5d", 
      "name": "Chess.luac", 
      "path": "gobang/src/views/layer/"
    }, 
    {
      "md5": "4acd1a539ab36324a00eec3a0fccf1d9", 
      "name": "Clock.luac", 
      "path": "gobang/src/views/layer/"
    }, 
    {
      "md5": "f4a1fe32ab9f57a5bbb92cf5c407f6ca", 
      "name": "GameViewLayer.luac", 
      "path": "gobang/src/views/layer/"
    }, 
    {
      "allcount": 107
    }
  ]
}