{"skeleton":{"hash":"PpO1pGr+91JVVECsAL3TRg7iIyQ","spine":"3.6.38","width":160,"height":200,"images":"./images/"},"bones":[{"name":"root"},{"name":"bone","parent":"root"},{"name":"bone2","parent":"root"},{"name":"bone3","parent":"root"},{"name":"bone4","parent":"root"}],"slots":[{"name":"txkzk0001","bone":"bone","attachment":"txkzk0001"},{"name":"txkzk1","bone":"bone4","attachment":"txkzk0001"},{"name":"pdk_xlf_px_bz01","bone":"bone2"},{"name":"thjhj_qi_zha_baodian2","bone":"bone3","attachment":"thjhj_qi_zha_baodian2","blend":"additive"}],"skins":{"default":{"pdk_xlf_px_bz01":{"pdk_xlf_px_bz01":{"width":285,"height":260},"pdk_xlf_px_bz02":{"width":285,"height":260},"pdk_xlf_px_bz03":{"width":285,"height":260},"pdk_xlf_px_bz04":{"width":285,"height":260},"pdk_xlf_px_bz05":{"width":285,"height":260},"pdk_xlf_px_bz06":{"width":285,"height":260}},"thjhj_qi_zha_baodian2":{"thjhj_qi_zha_baodian2":{"width":64,"height":64}},"txkzk0001":{"txkzk0001":{"width":160,"height":200},"txkzk0002":{"width":160,"height":200},"txkzk0003":{"width":160,"height":200},"txkzk0004":{"width":160,"height":200},"txkzk0005":{"width":160,"height":200}},"txkzk1":{"txkzk0001":{"width":160,"height":200},"txkzk0002":{"width":160,"height":200},"txkzk0003":{"width":160,"height":200},"txkzk0004":{"width":160,"height":200},"txkzk0005":{"width":160,"height":200}}}},"animations":{"suoha":{"slots":{"pdk_xlf_px_bz01":{"attachment":[{"time":0,"name":null},{"time":0.0667,"name":"pdk_xlf_px_bz01"},{"time":0.1333,"name":"pdk_xlf_px_bz02"},{"time":0.2,"name":"pdk_xlf_px_bz03"},{"time":0.2667,"name":"pdk_xlf_px_bz04"},{"time":0.3667,"name":"pdk_xlf_px_bz05"},{"time":0.4667,"name":"pdk_xlf_px_bz06"},{"time":0.5667,"name":null}]},"thjhj_qi_zha_baodian2":{"color":[{"time":0,"color":"fffffffe"},{"time":0.3333,"color":"ffffff00"}]},"txkzk0001":{"attachment":[{"time":0,"name":"txkzk0001"},{"time":0.0667,"name":"txkzk0002"},{"time":0.1333,"name":"txkzk0003"},{"time":0.2333,"name":"txkzk0004"},{"time":0.3333,"name":"txkzk0005"},{"time":0.4333,"name":null}]},"txkzk1":{"attachment":[{"time":0,"name":"txkzk0001"},{"time":0.1,"name":"txkzk0002"},{"time":0.1667,"name":"txkzk0003"},{"time":0.2667,"name":"txkzk0004"},{"time":0.3667,"name":"txkzk0005"},{"time":0.4667,"name":null}]}},"bones":{"bone2":{"rotate":[{"time":0.0667,"angle":0,"curve":"stepped"},{"time":0.1333,"angle":0}],"translate":[{"time":0.0667,"x":0,"y":0,"curve":"stepped"},{"time":0.1333,"x":0,"y":0}],"scale":[{"time":0.0667,"x":0.5,"y":0.5},{"time":0.1333,"x":1,"y":1}]},"bone3":{"rotate":[{"time":0,"angle":0,"curve":"stepped"},{"time":0.3333,"angle":0}],"translate":[{"time":0,"x":0,"y":0,"curve":"stepped"},{"time":0.3333,"x":0,"y":0}],"scale":[{"time":0,"x":1,"y":1,"curve":[0,0.5,0.75,1]},{"time":0.3333,"x":4,"y":4}]}}}}}