{
"skeleton": { "hash": "5FnpllIqcQ3nPp7Rtd7rQuzYg3s", "spine": "2.1.27", "width": 214.02, "height": 253, "images": "" },
"bones": [
	{ "name": "root" },
	{ "name": "top_L", "parent": "root", "y": 100.58, "color": "9b0003ff" },
	{ "name": "top_R", "parent": "root", "y": 100.58, "color": "9b0003ff" },
	{ "name": "01", "parent": "top_R", "length": 19.37, "x": 0.48, "y": -8.99, "rotation": -90.9 },
	{ "name": "1", "parent": "top_L", "length": 19.37, "x": 0.48, "y": -8.99, "rotation": -90.9 },
	{ "name": "02", "parent": "01", "length": 16.02, "x": 19.37, "y": -0.07, "rotation": 1.8 },
	{ "name": "2", "parent": "1", "length": 16.02, "x": 19.37, "y": -0.07, "rotation": 1.8 },
	{ "name": "main", "parent": "02", "length": 100.6, "x": 16.02, "y": 0.11, "rotation": -0.9, "color": "22821dff" },
	{ "name": "main2", "parent": "2", "length": 100.6, "x": 16.02, "y": 0.11, "rotation": -0.9, "color": "22821dff" },
	{ "name": "04", "parent": "main", "length": 13.04, "x": 100.59, "y": -0.74 },
	{ "name": "4", "parent": "main2", "length": 13.04, "x": 100.59, "y": -0.74 },
	{ "name": "05", "parent": "04", "length": 16.02, "x": 13.04, "rotation": 0.9 },
	{ "name": "5", "parent": "4", "length": 16.02, "x": 13.04, "rotation": 0.9 },
	{ "name": "06", "parent": "05", "length": 14.9, "x": 16.01, "y": -0.22, "rotation": 1.35 },
	{ "name": "6", "parent": "5", "length": 14.9, "x": 16.01, "y": -0.22, "rotation": 1.35 },
	{ "name": "07", "parent": "06", "length": 12.64, "x": 14.9, "y": 0.02, "rotation": -0.9 },
	{ "name": "7", "parent": "6", "length": 12.64, "x": 14.9, "y": 0.02, "rotation": -0.9 }
],
"slots": [
	{ "name": "light2", "bone": "main2", "attachment": "light", "blend": "additive" },
	{ "name": "light", "bone": "main", "attachment": "light", "blend": "additive" },
	{ "name": "main01", "bone": "main", "attachment": "main01" },
	{ "name": "main1", "bone": "main2", "attachment": "main01" },
	{ "name": "main_light", "bone": "main", "color": "ffffff00", "attachment": "main_light", "blend": "additive" },
	{ "name": "main_light2", "bone": "main2", "color": "ffffff00", "attachment": "main_light", "blend": "additive" },
	{ "name": "R", "bone": "top_R", "attachment": "01" },
	{ "name": "L", "bone": "1", "attachment": "01" }
],
"skins": {
	"default": {
		"L": {
			"01": {
				"type": "mesh",
				"uvs": [ 1, 0.16478, 1, 0.19837, 1, 0.68521, 1, 0.7236, 1, 1, 0.76394, 1, 0.38329, 1, 0, 1, 0, 0.72635, 0, 0.6859, 0, 0.19906, 0, 0.16615, 0, 0, 0.39246, 0, 0.58508, 0, 1, 0, 0.58967, 0.16409, 0.40622, 0.16409, 0.58049, 0.05098, 0.57591, 0.11473, 0.39246, 0.11405, 0.39705, 0.05029, 0.56674, 0.72498, 0.39705, 0.72566, 0.58508, 0.77228, 0.76853, 0.79902, 0.38329, 0.85455, 0.60801, 0.85386, 0.37412, 0.77297, 0.27781, 0.79765, 0.70891, 0.95807, 0.66763, 0.91419, 0.63553, 0.87991, 0.35119, 0.88197, 0.3145, 0.91556, 0.32367, 0.95807 ],
				"triangles": [ 7, 35, 6, 6, 30, 5, 5, 25, 4, 7, 29, 34, 30, 31, 25, 35, 33, 6, 7, 34, 35, 6, 31, 30, 5, 30, 25, 34, 29, 33, 35, 34, 33, 31, 32, 25, 31, 6, 32, 6, 33, 26, 33, 29, 26, 6, 26, 27, 29, 28, 26, 27, 24, 25, 28, 24, 26, 26, 24, 27, 32, 27, 25, 25, 24, 22, 23, 24, 28, 28, 29, 23, 27, 32, 6, 7, 8, 29, 25, 3, 4, 23, 29, 8, 8, 9, 23, 23, 9, 22, 3, 22, 2, 22, 9, 2, 3, 25, 22, 0, 16, 18, 10, 1, 2, 10, 16, 1, 10, 17, 16, 10, 11, 17, 16, 0, 1, 11, 20, 17, 17, 19, 16, 9, 10, 2, 22, 24, 23, 20, 11, 21, 20, 21, 19, 17, 20, 19, 19, 18, 16, 21, 11, 12, 0, 18, 15, 15, 18, 14, 19, 21, 18, 13, 21, 12, 18, 21, 14, 21, 13, 14 ],
				"vertices": [ 1, 8, -4.67999, -13.82, 1, 1, 8, 1.83, -13.84, 1, 1, 8, 96.27, -14.16, 1, 1, 8, 103.72, -14.19, 1, 1, 16, 12.45, -14.57, 1, 1, 16, 12.64, -7.73, 1, 1, 16, 12.93, 3.3, 1, 1, 16, 13.23, 14.41, 1, 1, 8, 104.35, 14.8, 1, 1, 8, 96.5, 14.82, 1, 1, 8, 2.06, 15.15, 1, 1, 8, -4.31, 15.17, 1, 2, 4, -1.39, 15.26, 0.99647, 6, -20.27, 15.98, 0.00352, 1, 4, -1.25, 3.88, 1, 1, 4, -1.17999, -1.69, 1, 2, 4, -1.04, -13.72, 1, 6, -20.83, -13, 0, 1, 8, -4.77, -1.92, 1, 1, 8, -4.75, 3.39, 1, 2, 4, 8.7, -1.44, 0.9, 6, -10.71, -1.03, 0.1, 2, 4, 21.06, -1.16, 0.64999, 6, 1.65, -1.14, 0.35, 2, 4, 20.87, 4.15, 0.64999, 6, 1.62, 4.17, 0.35, 2, 4, 8.5, 3.87, 0.9, 6, -10.74, 4.28, 0.1, 1, 8, 104.03, -1.63, 1, 1, 8, 104.18, 3.28, 1, 1, 12, -0.45, -1.44, 1, 1, 12, 4.62, -6.86, 1, 1, 12, 15.61, 4.09, 1, 1, 12, 15.35, -2.41, 1, 1, 12, -0.2, 4.67, 1, 1, 12, 4.63, 7.37, 1, 2, 14, 19.36, -5.96, 0.3, 16, 4.55, -5.91, 0.7, 2, 14, 10.91, -4.4, 0.5, 16, -3.92, -4.48999, 0.5, 1, 14, 4.3, -3.18, 1, 1, 14, 5.05, 5.03, 1, 2, 14, 11.61, 5.81, 0.5, 16, -3.38, 5.73, 0.5, 2, 14, 19.84, 5.19, 0.3, 16, 4.85, 5.23999, 0.7 ],
				"hull": 16,
				"edges": [ 0, 30, 32, 0, 34, 32, 22, 24, 34, 22, 20, 22, 0, 2, 20, 2, 28, 30, 28, 36, 36, 38, 38, 32, 40, 34, 42, 40, 24, 26, 26, 28, 42, 26, 18, 20, 2, 4, 18, 4, 4, 6, 6, 8, 44, 6, 14, 16, 16, 18, 16, 46, 46, 44, 44, 48, 48, 50, 52, 54, 54, 50, 56, 46, 58, 52, 58, 56, 8, 10, 10, 60, 60, 62, 62, 64, 64, 54, 66, 52, 68, 66, 70, 68, 10, 12, 12, 14, 70, 12 ],
				"width": 29,
				"height": 194
			}
		},
		"R": {
			"01": {
				"type": "mesh",
				"uvs": [ 1, 0.16478, 1, 0.19837, 1, 0.68521, 1, 0.7236, 1, 1, 0.76394, 1, 0.38329, 1, 0, 1, 0, 0.72635, 0, 0.6859, 0, 0.19906, 0, 0.16615, 0, 0, 0.39246, 0, 0.58508, 0, 1, 0, 0.58967, 0.16409, 0.40622, 0.16409, 0.58049, 0.05098, 0.57591, 0.11473, 0.39246, 0.11405, 0.39705, 0.05029, 0.56674, 0.72498, 0.39705, 0.72566, 0.58508, 0.77228, 0.76853, 0.79902, 0.38329, 0.85455, 0.60801, 0.85386, 0.37412, 0.77297, 0.27781, 0.79765, 0.70891, 0.95807, 0.66763, 0.91419, 0.63553, 0.87991, 0.35119, 0.88197, 0.3145, 0.91556, 0.32367, 0.95807 ],
				"triangles": [ 7, 29, 34, 6, 30, 5, 7, 35, 6, 5, 25, 4, 35, 33, 6, 30, 31, 25, 7, 34, 35, 6, 31, 30, 5, 30, 25, 35, 34, 33, 34, 29, 33, 31, 32, 25, 31, 6, 32, 33, 29, 26, 6, 26, 27, 29, 28, 26, 28, 24, 26, 27, 24, 25, 26, 24, 27, 23, 24, 28, 25, 24, 22, 28, 29, 23, 32, 27, 25, 27, 32, 6, 6, 33, 26, 25, 3, 4, 7, 8, 29, 23, 29, 8, 8, 9, 23, 23, 9, 22, 3, 22, 2, 22, 9, 2, 9, 10, 2, 22, 24, 23, 3, 25, 22, 10, 1, 2, 10, 16, 1, 10, 17, 16, 10, 11, 17, 16, 0, 1, 11, 20, 17, 17, 19, 16, 0, 16, 18, 20, 11, 21, 21, 11, 12, 0, 18, 15, 15, 18, 14, 19, 21, 18, 13, 21, 12, 18, 21, 14, 21, 13, 14, 19, 18, 16, 20, 21, 19, 17, 20, 19 ],
				"vertices": [ 1, 7, -4.63, 14.81, 1, 1, 7, 1.87, 14.81, 1, 1, 7, 96.32, 14.81, 1, 1, 7, 103.77, 14.81, 1, 1, 15, 13.19, 14.61, 1, 1, 15, 13.03, 7.76, 1, 1, 15, 12.77, -3.26, 1, 1, 15, 12.51, -14.37, 1, 1, 7, 104.3, -14.18, 1, 1, 7, 96.45, -14.18, 1, 1, 7, 2.01, -14.18, 1, 1, 7, -4.37, -14.18, 1, 1, 3, -0.99, -14.19, 1, 1, 3, -1.16, -2.81, 1, 1, 3, -1.25, 2.76, 1, 1, 3, -1.44, 14.79, 1, 1, 7, -4.77, 2.91, 1, 1, 7, -4.77, -2.4, 1, 2, 3, 8.63, 2.78, 0.8, 5, -10.64, 3.19, 0.2, 2, 3, 21, 2.84, 0.5, 5, 1.72, 2.86, 0.5, 2, 3, 20.95, -2.47, 0.5, 5, 1.5, -2.45, 0.5, 2, 3, 8.58, -2.53, 0.8, 5, -10.86, -2.11999, 0.2, 1, 7, 104.04, 2.25, 1, 1, 7, 104.17, -2.66, 1, 1, 11, -0.36, 3.53, 1, 1, 11, 4.9, 8.77, 1, 1, 11, 15.5, -2.56, 1, 1, 11, 15.47, 3.95, 1, 1, 11, -0.32, -2.58, 1, 1, 11, 4.41, -5.45, 1, 2, 13, 19.87, 6.31, 0.25, 15, 4.86, 6.36, 0.75, 2, 13, 11.32, 5.45, 0.5, 15, -3.66, 5.36, 0.5, 1, 13, 4.63, 4.78, 1, 1, 13, 4.71, -3.47, 1, 2, 13, 11.18, -4.79, 0.5, 15, -3.64, -4.87, 0.5, 2, 13, 19.43, -4.84, 0.25, 15, 4.6, -4.8, 0.75 ],
				"hull": 16,
				"edges": [ 0, 30, 32, 0, 34, 32, 22, 24, 34, 22, 20, 22, 0, 2, 20, 2, 28, 30, 28, 36, 36, 38, 38, 32, 40, 34, 42, 40, 24, 26, 26, 28, 42, 26, 18, 20, 2, 4, 18, 4, 4, 6, 6, 8, 44, 6, 14, 16, 16, 18, 16, 46, 46, 44, 44, 48, 48, 50, 52, 54, 54, 50, 56, 46, 58, 52, 58, 56, 8, 10, 10, 60, 60, 62, 62, 64, 64, 54, 66, 52, 68, 66, 70, 68, 10, 12, 12, 14, 70, 12 ],
				"width": 29,
				"height": 194
			}
		},
		"light": {
			"light": { "x": 56.19, "y": -26.42, "rotation": 90, "width": 162, "height": 253 }
		},
		"light2": {
			"light": { "x": 56.19, "y": 25.6, "scaleX": -1, "rotation": 90, "width": 162, "height": 253 }
		},
		"main01": {
			"main01": { "x": 50.21, "y": 0.57, "rotation": 90, "width": 58, "height": 102 }
		},
		"main1": {
			"main01": { "x": 49.85, "y": 0.62, "rotation": 90, "width": 58, "height": 102 }
		},
		"main_light": {
			"main_light": { "x": 50.21, "y": 0.57, "rotation": 90, "width": 58, "height": 102 }
		},
		"main_light2": {
			"main_light": { "x": 49.85, "y": 0.62, "rotation": 90, "width": 58, "height": 102 }
		}
	}
},
"animations": {
	"lantern_L": {
		"slots": {
			"L": {
				"attachment": [
					{ "time": 0, "name": "01" }
				]
			},
			"R": {
				"attachment": [
					{ "time": 0, "name": null }
				]
			},
			"light": {
				"attachment": [
					{ "time": 0, "name": null }
				],
				"color": [
					{
						"time": 0,
						"color": "ffffff00",
						"curve": [ 0.25, 0, 0.75, 1 ]
					},
					{
						"time": 0.6,
						"color": "ffffff49",
						"curve": [ 0.25, 0, 0.75, 1 ]
					},
					{
						"time": 1.1666,
						"color": "ffffff00",
						"curve": [ 0.25, 0, 0.75, 1 ]
					},
					{
						"time": 1.8333,
						"color": "ffffff49",
						"curve": [ 0.25, 0, 0.75, 1 ]
					},
					{ "time": 2.4, "color": "ffffff00" }
				]
			},
			"light2": {
				"attachment": [
					{ "time": 0, "name": "light" }
				],
				"color": [
					{ "time": 0, "color": "ffffff00" },
					{ "time": 0.6, "color": "ffffff4a" },
					{ "time": 1.2, "color": "ffffff00" },
					{ "time": 1.8, "color": "ffffff4a" },
					{ "time": 2.4, "color": "ffffff00" }
				]
			},
			"main01": {
				"attachment": [
					{ "time": 0, "name": null }
				]
			},
			"main1": {
				"attachment": [
					{ "time": 0, "name": "main01" }
				]
			},
			"main_light": {
				"attachment": [
					{ "time": 0, "name": null }
				],
				"color": [
					{
						"time": 0,
						"color": "ffffff00",
						"curve": [ 0.25, 0, 0.75, 1 ]
					},
					{
						"time": 0.6,
						"color": "ffffff49",
						"curve": [ 0.25, 0, 0.75, 1 ]
					},
					{
						"time": 1.1666,
						"color": "ffffff00",
						"curve": [ 0.25, 0, 0.75, 1 ]
					},
					{
						"time": 1.8333,
						"color": "ffffff49",
						"curve": [ 0.25, 0, 0.75, 1 ]
					},
					{ "time": 2.4, "color": "ffffff00" }
				]
			},
			"main_light2": {
				"attachment": [
					{ "time": 0, "name": "main_light" }
				],
				"color": [
					{ "time": 0, "color": "ffffff00" },
					{ "time": 0.6, "color": "ffffff4a" },
					{ "time": 1.2, "color": "ffffff00" },
					{ "time": 1.8, "color": "ffffff4a" },
					{ "time": 2.4, "color": "ffffff00" }
				]
			}
		},
		"bones": {
			"01": {
				"rotate": [
					{
						"time": 0,
						"angle": -1.65,
						"curve": [ 0.25, 0, 0.75, 1 ]
					},
					{
						"time": 1.2,
						"angle": 1.47,
						"curve": [ 0.25, 0, 0.75, 1 ]
					},
					{ "time": 2.4, "angle": -1.65 }
				],
				"translate": [
					{ "time": 0, "x": 0, "y": 0, "curve": "stepped" },
					{ "time": 2.4, "x": 0, "y": 0 }
				],
				"scale": [
					{ "time": 0, "x": 1, "y": 1, "curve": "stepped" },
					{ "time": 2.4, "x": 1, "y": 1 }
				]
			},
			"07": {
				"rotate": [
					{
						"time": 0,
						"angle": -1.97,
						"curve": [ 0.25, 0, 0.75, 1 ]
					},
					{
						"time": 0.6,
						"angle": 13.01,
						"curve": [ 0.25, 0, 0.75, 1 ]
					},
					{
						"time": 1.8,
						"angle": -16.95,
						"curve": [ 0.25, 0, 0.75, 1 ]
					},
					{ "time": 2.4, "angle": -1.97 }
				],
				"translate": [
					{ "time": 0, "x": 0, "y": 0, "curve": "stepped" },
					{ "time": 2.4, "x": 0, "y": 0 }
				],
				"scale": [
					{ "time": 0, "x": 1, "y": 1, "curve": "stepped" },
					{ "time": 2.4, "x": 1, "y": 1 }
				]
			},
			"06": {
				"rotate": [
					{
						"time": 0,
						"angle": 8.39,
						"curve": [ 0.416, 0.29, 0.757, 1 ]
					},
					{
						"time": 0.3,
						"angle": 14.25,
						"curve": [ 0.25, 0, 0.75, 1 ]
					},
					{
						"time": 1.5,
						"angle": -17.51,
						"curve": [ 0.25, 0, 0.905, 0.88 ]
					},
					{ "time": 2.4, "angle": 8.39 }
				],
				"translate": [
					{ "time": 0, "x": 0, "y": 0, "curve": "stepped" },
					{ "time": 2.4, "x": 0, "y": 0 }
				],
				"scale": [
					{ "time": 0, "x": 1, "y": 1, "curve": "stepped" },
					{ "time": 2.4, "x": 1, "y": 1 }
				]
			},
			"05": {
				"rotate": [
					{
						"time": 0,
						"angle": 5.17,
						"curve": [ 0.25, 0, 0.75, 1 ]
					},
					{
						"time": 1.2,
						"angle": -6.82,
						"curve": [ 0.25, 0, 0.75, 1 ]
					},
					{ "time": 2.4, "angle": 5.17 }
				],
				"translate": [
					{ "time": 0, "x": 0, "y": 0 }
				],
				"scale": [
					{ "time": 0, "x": 1, "y": 1 }
				]
			},
			"04": {
				"rotate": [
					{
						"time": 0,
						"angle": 2.43,
						"curve": [ 0.13, 0.17, 0.75, 1 ]
					},
					{
						"time": 0.9,
						"angle": -4.66,
						"curve": [ 0.25, 0, 0.75, 1 ]
					},
					{
						"time": 2.1,
						"angle": 4.8,
						"curve": [ 0.25, 0, 0.858, 0.78 ]
					},
					{ "time": 2.4, "angle": 2.43 }
				],
				"translate": [
					{ "time": 0, "x": 0, "y": 0 }
				],
				"scale": [
					{ "time": 0, "x": 1, "y": 1 }
				]
			},
			"main": {
				"rotate": [
					{
						"time": 0,
						"angle": 0,
						"curve": [ 0.089, 0.12, 0.75, 1 ]
					},
					{
						"time": 0.6,
						"angle": -2.19,
						"curve": [ 0.25, 0, 0.75, 1 ]
					},
					{
						"time": 1.8,
						"angle": 2.19,
						"curve": [ 0.25, 0, 0.884, 0.85 ]
					},
					{ "time": 2.4, "angle": 0 }
				],
				"translate": [
					{ "time": 0, "x": 0, "y": 0 }
				],
				"scale": [
					{ "time": 0, "x": 1, "y": 1 }
				]
			},
			"02": {
				"rotate": [
					{
						"time": 0,
						"angle": -1.04,
						"curve": [ 0.079, 0.1, 0.75, 1 ]
					},
					{
						"time": 0.3,
						"angle": -1.8,
						"curve": [ 0.25, 0, 0.75, 1 ]
					},
					{
						"time": 1.5,
						"angle": 1.2,
						"curve": [ 0.25, 0, 0.895, 0.86 ]
					},
					{ "time": 2.4, "angle": -1.04 }
				],
				"translate": [
					{ "time": 0, "x": 0, "y": 0 }
				],
				"scale": [
					{ "time": 0, "x": 1, "y": 1 }
				]
			},
			"1": {
				"rotate": [
					{
						"time": 0,
						"angle": 1.65,
						"curve": [ 0.25, 0, 0.75, 1 ]
					},
					{
						"time": 1.2,
						"angle": -2.43,
						"curve": [ 0.25, 0, 0.75, 1 ]
					},
					{ "time": 2.4, "angle": 1.65 }
				],
				"translate": [
					{ "time": 0, "x": -0.3, "y": 0, "curve": "stepped" },
					{ "time": 2.4, "x": -0.3, "y": 0 }
				],
				"scale": [
					{ "time": 0, "x": 1, "y": 1, "curve": "stepped" },
					{ "time": 2.4, "x": 1, "y": 1 }
				]
			},
			"2": {
				"rotate": [
					{
						"time": 0,
						"angle": 2.15,
						"curve": [ 0.11, 0.15, 0.75, 1 ]
					},
					{
						"time": 0.3,
						"angle": 3.52,
						"curve": [ 0.25, 0, 0.75, 1 ]
					},
					{
						"time": 1.5,
						"angle": -1.96,
						"curve": [ 0.25, 0, 0.874, 0.81 ]
					},
					{ "time": 2.4, "angle": 2.15 }
				],
				"translate": [
					{ "time": 0, "x": 0, "y": 0, "curve": "stepped" },
					{ "time": 2.4, "x": 0, "y": 0 }
				],
				"scale": [
					{ "time": 0, "x": 1, "y": 1, "curve": "stepped" },
					{ "time": 2.4, "x": 1, "y": 1 }
				]
			},
			"main2": {
				"rotate": [
					{
						"time": 0,
						"angle": 0.03,
						"curve": [ 0.25, 0.33, 0.75, 1 ]
					},
					{
						"time": 0.6,
						"angle": 0.17,
						"curve": [ 0.25, 0, 0.75, 1 ]
					},
					{
						"time": 1.8,
						"angle": -0.1,
						"curve": [ 0.25, 0, 0.832, 0.79 ]
					},
					{ "time": 2.4, "angle": 0.03 }
				],
				"translate": [
					{ "time": 0, "x": 0, "y": 0, "curve": "stepped" },
					{ "time": 2.4, "x": 0, "y": 0 }
				],
				"scale": [
					{ "time": 0, "x": 1, "y": 1, "curve": "stepped" },
					{ "time": 2.4, "x": 1, "y": 1 }
				]
			},
			"4": {
				"rotate": [
					{
						"time": 0,
						"angle": -2.7,
						"curve": [ 0.146, 0.2, 0.724, 1 ]
					},
					{
						"time": 0.9,
						"angle": 8.96,
						"curve": [ 0.25, 0, 0.75, 1 ]
					},
					{
						"time": 2.1,
						"angle": -5.34,
						"curve": [ 0.25, 0, 0.879, 0.86 ]
					},
					{ "time": 2.4, "angle": -2.7 }
				],
				"translate": [
					{ "time": 0, "x": 0, "y": 0 }
				],
				"scale": [
					{ "time": 0, "x": 1, "y": 1 }
				]
			},
			"5": {
				"rotate": [
					{
						"time": 0,
						"angle": -9.64,
						"curve": [ 0.25, 0, 0.75, 1 ]
					},
					{
						"time": 1.2,
						"angle": 5.35,
						"curve": [ 0.25, 0, 0.75, 1 ]
					},
					{ "time": 2.4, "angle": -9.64 }
				],
				"translate": [
					{ "time": 0, "x": 0, "y": 0, "curve": "stepped" },
					{ "time": 2.4, "x": 0, "y": 0 }
				],
				"scale": [
					{ "time": 0, "x": 1, "y": 1, "curve": "stepped" },
					{ "time": 2.4, "x": 1, "y": 1 }
				]
			},
			"6": {
				"rotate": [
					{
						"time": 0,
						"angle": -7.86,
						"curve": [ 0.104, 0.13, 0.75, 1 ]
					},
					{
						"time": 0.3,
						"angle": -10.99,
						"curve": [ 0.25, 0, 0.75, 1 ]
					},
					{
						"time": 1.5,
						"angle": 5.93,
						"curve": [ 0.25, 0, 0.895, 0.87 ]
					},
					{ "time": 2.4, "angle": -7.86 }
				],
				"translate": [
					{ "time": 0, "x": 0, "y": 0, "curve": "stepped" },
					{ "time": 2.4, "x": 0, "y": 0 }
				],
				"scale": [
					{ "time": 0, "x": 1, "y": 1, "curve": "stepped" },
					{ "time": 2.4, "x": 1, "y": 1 }
				]
			},
			"7": {
				"rotate": [
					{
						"time": 0,
						"angle": -1.63,
						"curve": [ 0.193, 0.25, 0.75, 1 ]
					},
					{
						"time": 0.6,
						"angle": -14.83,
						"curve": [ 0.25, 0, 0.75, 1 ]
					},
					{
						"time": 1.8,
						"angle": 11.56,
						"curve": [ 0.25, 0, 0.889, 0.82 ]
					},
					{ "time": 2.4, "angle": -1.63 }
				],
				"translate": [
					{ "time": 0, "x": 0, "y": 0 }
				],
				"scale": [
					{ "time": 0, "x": 1, "y": 1 }
				]
			}
		},
		"ffd": {
			"default": {
				"L": {
					"01": [
						{ "time": 0 }
					]
				},
				"R": {
					"01": [
						{ "time": 0 }
					]
				}
			}
		}
	},
	"lantern_R": {
		"slots": {
			"L": {
				"attachment": [
					{ "time": 0, "name": null }
				]
			},
			"R": {
				"attachment": [
					{ "time": 0, "name": "01" }
				]
			},
			"light": {
				"attachment": [
					{ "time": 0, "name": "light" }
				],
				"color": [
					{
						"time": 0,
						"color": "ffffff00",
						"curve": [ 0.25, 0, 0.75, 1 ]
					},
					{
						"time": 0.6,
						"color": "ffffff49",
						"curve": [ 0.25, 0, 0.75, 1 ]
					},
					{
						"time": 1.1666,
						"color": "ffffff00",
						"curve": [ 0.25, 0, 0.75, 1 ]
					},
					{
						"time": 1.8333,
						"color": "ffffff49",
						"curve": [ 0.25, 0, 0.75, 1 ]
					},
					{ "time": 2.4, "color": "ffffff00" }
				]
			},
			"light2": {
				"attachment": [
					{ "time": 0, "name": null }
				],
				"color": [
					{ "time": 0, "color": "ffffff00" },
					{ "time": 0.6, "color": "ffffff4a" },
					{ "time": 1.2, "color": "ffffff00" },
					{ "time": 1.8, "color": "ffffff4a" },
					{ "time": 2.4, "color": "ffffff00" }
				]
			},
			"main01": {
				"attachment": [
					{ "time": 0, "name": "main01" }
				]
			},
			"main1": {
				"attachment": [
					{ "time": 0, "name": null }
				]
			},
			"main_light": {
				"attachment": [
					{ "time": 0, "name": "main_light" }
				],
				"color": [
					{
						"time": 0,
						"color": "ffffff00",
						"curve": [ 0.25, 0, 0.75, 1 ]
					},
					{
						"time": 0.6,
						"color": "ffffff49",
						"curve": [ 0.25, 0, 0.75, 1 ]
					},
					{
						"time": 1.1666,
						"color": "ffffff00",
						"curve": [ 0.25, 0, 0.75, 1 ]
					},
					{
						"time": 1.8333,
						"color": "ffffff49",
						"curve": [ 0.25, 0, 0.75, 1 ]
					},
					{ "time": 2.4, "color": "ffffff00" }
				]
			},
			"main_light2": {
				"attachment": [
					{ "time": 0, "name": null }
				],
				"color": [
					{ "time": 0, "color": "ffffff00" },
					{ "time": 0.6, "color": "ffffff4a" },
					{ "time": 1.2, "color": "ffffff00" },
					{ "time": 1.8, "color": "ffffff4a" },
					{ "time": 2.4, "color": "ffffff00" }
				]
			}
		},
		"bones": {
			"01": {
				"rotate": [
					{
						"time": 0,
						"angle": -1.65,
						"curve": [ 0.25, 0, 0.75, 1 ]
					},
					{
						"time": 1.2,
						"angle": 1.47,
						"curve": [ 0.25, 0, 0.75, 1 ]
					},
					{ "time": 2.4, "angle": -1.65 }
				],
				"translate": [
					{ "time": 0, "x": 0, "y": 0, "curve": "stepped" },
					{ "time": 2.4, "x": 0, "y": 0 }
				],
				"scale": [
					{ "time": 0, "x": 1, "y": 1, "curve": "stepped" },
					{ "time": 2.4, "x": 1, "y": 1 }
				]
			},
			"07": {
				"rotate": [
					{
						"time": 0,
						"angle": -1.97,
						"curve": [ 0.25, 0, 0.75, 1 ]
					},
					{
						"time": 0.6,
						"angle": 13.01,
						"curve": [ 0.25, 0, 0.75, 1 ]
					},
					{
						"time": 1.8,
						"angle": -16.95,
						"curve": [ 0.25, 0, 0.75, 1 ]
					},
					{ "time": 2.4, "angle": -1.97 }
				],
				"translate": [
					{ "time": 0, "x": 0, "y": 0, "curve": "stepped" },
					{ "time": 2.4, "x": 0, "y": 0 }
				],
				"scale": [
					{ "time": 0, "x": 1, "y": 1, "curve": "stepped" },
					{ "time": 2.4, "x": 1, "y": 1 }
				]
			},
			"06": {
				"rotate": [
					{
						"time": 0,
						"angle": 8.39,
						"curve": [ 0.416, 0.29, 0.757, 1 ]
					},
					{
						"time": 0.3,
						"angle": 14.25,
						"curve": [ 0.25, 0, 0.75, 1 ]
					},
					{
						"time": 1.5,
						"angle": -17.51,
						"curve": [ 0.25, 0, 0.905, 0.88 ]
					},
					{ "time": 2.4, "angle": 8.39 }
				],
				"translate": [
					{ "time": 0, "x": 0, "y": 0, "curve": "stepped" },
					{ "time": 2.4, "x": 0, "y": 0 }
				],
				"scale": [
					{ "time": 0, "x": 1, "y": 1, "curve": "stepped" },
					{ "time": 2.4, "x": 1, "y": 1 }
				]
			},
			"05": {
				"rotate": [
					{
						"time": 0,
						"angle": 5.17,
						"curve": [ 0.25, 0, 0.75, 1 ]
					},
					{
						"time": 1.2,
						"angle": -6.82,
						"curve": [ 0.25, 0, 0.75, 1 ]
					},
					{ "time": 2.4, "angle": 5.17 }
				],
				"translate": [
					{ "time": 0, "x": 0, "y": 0 }
				],
				"scale": [
					{ "time": 0, "x": 1, "y": 1 }
				]
			},
			"04": {
				"rotate": [
					{
						"time": 0,
						"angle": 2.43,
						"curve": [ 0.13, 0.17, 0.75, 1 ]
					},
					{
						"time": 0.9,
						"angle": -4.66,
						"curve": [ 0.25, 0, 0.75, 1 ]
					},
					{
						"time": 2.1,
						"angle": 4.8,
						"curve": [ 0.25, 0, 0.858, 0.78 ]
					},
					{ "time": 2.4, "angle": 2.43 }
				],
				"translate": [
					{ "time": 0, "x": 0, "y": 0 }
				],
				"scale": [
					{ "time": 0, "x": 1, "y": 1 }
				]
			},
			"main": {
				"rotate": [
					{
						"time": 0,
						"angle": 0,
						"curve": [ 0.089, 0.12, 0.75, 1 ]
					},
					{
						"time": 0.6,
						"angle": -2.19,
						"curve": [ 0.25, 0, 0.75, 1 ]
					},
					{
						"time": 1.8,
						"angle": 2.19,
						"curve": [ 0.25, 0, 0.884, 0.85 ]
					},
					{ "time": 2.4, "angle": 0 }
				],
				"translate": [
					{ "time": 0, "x": 0, "y": 0 }
				],
				"scale": [
					{ "time": 0, "x": 1, "y": 1 }
				]
			},
			"02": {
				"rotate": [
					{
						"time": 0,
						"angle": -1.04,
						"curve": [ 0.079, 0.1, 0.75, 1 ]
					},
					{
						"time": 0.3,
						"angle": -1.8,
						"curve": [ 0.25, 0, 0.75, 1 ]
					},
					{
						"time": 1.5,
						"angle": 1.2,
						"curve": [ 0.25, 0, 0.895, 0.86 ]
					},
					{ "time": 2.4, "angle": -1.04 }
				],
				"translate": [
					{ "time": 0, "x": 0, "y": 0 }
				],
				"scale": [
					{ "time": 0, "x": 1, "y": 1 }
				]
			},
			"1": {
				"rotate": [
					{
						"time": 0,
						"angle": 1.65,
						"curve": [ 0.25, 0, 0.75, 1 ]
					},
					{
						"time": 1.2,
						"angle": -2.43,
						"curve": [ 0.25, 0, 0.75, 1 ]
					},
					{ "time": 2.4, "angle": 1.65 }
				],
				"translate": [
					{ "time": 0, "x": -0.3, "y": 0, "curve": "stepped" },
					{ "time": 2.4, "x": -0.3, "y": 0 }
				],
				"scale": [
					{ "time": 0, "x": 1, "y": 1, "curve": "stepped" },
					{ "time": 2.4, "x": 1, "y": 1 }
				]
			},
			"2": {
				"rotate": [
					{
						"time": 0,
						"angle": 2.15,
						"curve": [ 0.11, 0.15, 0.75, 1 ]
					},
					{
						"time": 0.3,
						"angle": 3.52,
						"curve": [ 0.25, 0, 0.75, 1 ]
					},
					{
						"time": 1.5,
						"angle": -1.96,
						"curve": [ 0.25, 0, 0.874, 0.81 ]
					},
					{ "time": 2.4, "angle": 2.15 }
				],
				"translate": [
					{ "time": 0, "x": 0, "y": 0, "curve": "stepped" },
					{ "time": 2.4, "x": 0, "y": 0 }
				],
				"scale": [
					{ "time": 0, "x": 1, "y": 1, "curve": "stepped" },
					{ "time": 2.4, "x": 1, "y": 1 }
				]
			},
			"main2": {
				"rotate": [
					{
						"time": 0,
						"angle": 0.03,
						"curve": [ 0.25, 0.33, 0.75, 1 ]
					},
					{
						"time": 0.6,
						"angle": 0.17,
						"curve": [ 0.25, 0, 0.75, 1 ]
					},
					{
						"time": 1.8,
						"angle": -0.1,
						"curve": [ 0.25, 0, 0.832, 0.79 ]
					},
					{ "time": 2.4, "angle": 0.03 }
				],
				"translate": [
					{ "time": 0, "x": 0, "y": 0, "curve": "stepped" },
					{ "time": 2.4, "x": 0, "y": 0 }
				],
				"scale": [
					{ "time": 0, "x": 1, "y": 1, "curve": "stepped" },
					{ "time": 2.4, "x": 1, "y": 1 }
				]
			},
			"4": {
				"rotate": [
					{
						"time": 0,
						"angle": -2.7,
						"curve": [ 0.146, 0.2, 0.724, 1 ]
					},
					{
						"time": 0.9,
						"angle": 8.96,
						"curve": [ 0.25, 0, 0.75, 1 ]
					},
					{
						"time": 2.1,
						"angle": -5.34,
						"curve": [ 0.25, 0, 0.879, 0.86 ]
					},
					{ "time": 2.4, "angle": -2.7 }
				],
				"translate": [
					{ "time": 0, "x": 0, "y": 0 }
				],
				"scale": [
					{ "time": 0, "x": 1, "y": 1 }
				]
			},
			"5": {
				"rotate": [
					{
						"time": 0,
						"angle": -9.64,
						"curve": [ 0.25, 0, 0.75, 1 ]
					},
					{
						"time": 1.2,
						"angle": 5.35,
						"curve": [ 0.25, 0, 0.75, 1 ]
					},
					{ "time": 2.4, "angle": -9.64 }
				],
				"translate": [
					{ "time": 0, "x": 0, "y": 0, "curve": "stepped" },
					{ "time": 2.4, "x": 0, "y": 0 }
				],
				"scale": [
					{ "time": 0, "x": 1, "y": 1, "curve": "stepped" },
					{ "time": 2.4, "x": 1, "y": 1 }
				]
			},
			"6": {
				"rotate": [
					{
						"time": 0,
						"angle": -7.86,
						"curve": [ 0.104, 0.13, 0.75, 1 ]
					},
					{
						"time": 0.3,
						"angle": -10.99,
						"curve": [ 0.25, 0, 0.75, 1 ]
					},
					{
						"time": 1.5,
						"angle": 5.93,
						"curve": [ 0.25, 0, 0.895, 0.87 ]
					},
					{ "time": 2.4, "angle": -7.86 }
				],
				"translate": [
					{ "time": 0, "x": 0, "y": 0, "curve": "stepped" },
					{ "time": 2.4, "x": 0, "y": 0 }
				],
				"scale": [
					{ "time": 0, "x": 1, "y": 1, "curve": "stepped" },
					{ "time": 2.4, "x": 1, "y": 1 }
				]
			},
			"7": {
				"rotate": [
					{
						"time": 0,
						"angle": -1.63,
						"curve": [ 0.193, 0.25, 0.75, 1 ]
					},
					{
						"time": 0.6,
						"angle": -14.83,
						"curve": [ 0.25, 0, 0.75, 1 ]
					},
					{
						"time": 1.8,
						"angle": 11.56,
						"curve": [ 0.25, 0, 0.889, 0.82 ]
					},
					{ "time": 2.4, "angle": -1.63 }
				],
				"translate": [
					{ "time": 0, "x": 0, "y": 0 }
				],
				"scale": [
					{ "time": 0, "x": 1, "y": 1 }
				]
			}
		},
		"ffd": {
			"default": {
				"R": {
					"01": [
						{ "time": 0 }
					]
				}
			}
		}
	}
}
}