{"skeleton":{"hash":"OYaRLYOXiXm3NEcJMMpZWMDeABQ","spine":"3.6.38","width":0,"height":0,"images":"./images/"},"bones":[{"name":"root"},{"name":"zhu","parent":"root"},{"name":"bone","parent":"zhu","scaleX":1.5,"scaleY":1.5},{"name":"bone2","parent":"zhu","x":96.85,"scaleX":0.5,"scaleY":0.5},{"name":"bone3","parent":"zhu","x":191.82},{"name":"bone4","parent":"zhu","x":276.98,"scaleX":1.2,"scaleY":1.2},{"name":"bone5","parent":"zhu","x":373.22},{"name":"bone6","parent":"zhu","x":475.35},{"name":"bone7","parent":"zhu","x":563.73,"scaleX":1.6,"scaleY":1.6},{"name":"bone8","parent":"zhu","x":654.07},{"name":"zhu2","parent":"root","x":-680.02},{"name":"bone9","parent":"zhu2","scaleX":0.6,"scaleY":0.6},{"name":"bone10","parent":"zhu2","x":96.85},{"name":"bone11","parent":"zhu2","x":191.82,"scaleX":0.5,"scaleY":0.5},{"name":"bone12","parent":"zhu2","x":276.98},{"name":"bone13","parent":"zhu2","x":373.22,"scaleX":1.2,"scaleY":1.2},{"name":"bone14","parent":"zhu2","x":475.35,"scaleX":1.2,"scaleY":1.2},{"name":"bone15","parent":"zhu2","x":563.73,"scaleX":1.5,"scaleY":1.5},{"name":"bone16","parent":"zhu2","x":654.07,"scaleX":0.5,"scaleY":0.5},{"name":"zhu3","parent":"root","x":-655.51,"y":11.79},{"name":"bone17","parent":"zhu3"},{"name":"bone18","parent":"zhu3","x":96.85,"scaleX":1.4,"scaleY":1.4},{"name":"bone19","parent":"zhu3","x":191.82},{"name":"bone20","parent":"zhu3","x":276.98},{"name":"bone21","parent":"zhu3","x":373.22},{"name":"bone22","parent":"zhu3","x":475.35},{"name":"bone23","parent":"zhu3","x":563.73},{"name":"bone24","parent":"zhu3","x":654.07},{"name":"zhu4","parent":"root","x":43.16},{"name":"bone25","parent":"zhu4"},{"name":"bone26","parent":"zhu4","x":96.85,"scaleX":1.4,"scaleY":1.4},{"name":"bone27","parent":"zhu4","x":191.82},{"name":"bone28","parent":"zhu4","x":276.98,"scaleX":1.5,"scaleY":1.5},{"name":"bone29","parent":"zhu4","x":373.22},{"name":"bone30","parent":"zhu4","x":475.35,"scaleX":1.2,"scaleY":1.2},{"name":"bone31","parent":"zhu4","x":563.73,"scaleX":1.5,"scaleY":1.5},{"name":"bone32","parent":"zhu4","x":654.07}],"slots":[{"name":"bg","bone":"root"},{"name":"jb_1","bone":"bone"},{"name":"jb_17","bone":"bone17"},{"name":"jb_9","bone":"bone9"},{"name":"jb_25","bone":"bone25"},{"name":"jb_2","bone":"bone2"},{"name":"jb_18","bone":"bone18"},{"name":"jb_10","bone":"bone10"},{"name":"jb_26","bone":"bone26"},{"name":"jb_3","bone":"bone3"},{"name":"jb_19","bone":"bone19"},{"name":"jb_11","bone":"bone11"},{"name":"jb_27","bone":"bone27"},{"name":"jb_4","bone":"bone4"},{"name":"jb_20","bone":"bone20"},{"name":"jb_12","bone":"bone12"},{"name":"jb_28","bone":"bone28"},{"name":"jb_5","bone":"bone5"},{"name":"jb_21","bone":"bone21"},{"name":"jb_13","bone":"bone13"},{"name":"jb_29","bone":"bone29"},{"name":"jb_6","bone":"bone6"},{"name":"jb_22","bone":"bone22"},{"name":"jb_14","bone":"bone14"},{"name":"jb_30","bone":"bone30"},{"name":"jb_7","bone":"bone7"},{"name":"jb_23","bone":"bone23"},{"name":"jb_15","bone":"bone15"},{"name":"jb_31","bone":"bone31"},{"name":"jb_8","bone":"bone8"},{"name":"jb_24","bone":"bone24"},{"name":"jb_16","bone":"bone16"},{"name":"jb_32","bone":"bone32"}],"skins":{"default":{"jb_1":{"jb_1":{"width":70,"height":72},"jb_2":{"width":54,"height":72},"jb_3":{"width":41,"height":72},"jb_4":{"width":18,"height":72},"jb_5":{"width":41,"height":72},"jb_6":{"width":54,"height":72}},"jb_10":{"jb_1":{"width":70,"height":72},"jb_2":{"width":54,"height":72},"jb_3":{"width":41,"height":72},"jb_4":{"width":18,"height":72},"jb_5":{"width":41,"height":72},"jb_6":{"width":54,"height":72}},"jb_11":{"jb_1":{"width":70,"height":72},"jb_2":{"width":54,"height":72},"jb_3":{"width":41,"height":72},"jb_4":{"width":18,"height":72},"jb_5":{"width":41,"height":72},"jb_6":{"width":54,"height":72}},"jb_12":{"jb_1":{"width":70,"height":72},"jb_2":{"width":54,"height":72},"jb_3":{"width":41,"height":72},"jb_4":{"width":18,"height":72},"jb_5":{"width":41,"height":72},"jb_6":{"width":54,"height":72}},"jb_13":{"jb_1":{"width":70,"height":72},"jb_2":{"width":54,"height":72},"jb_3":{"width":41,"height":72},"jb_4":{"width":18,"height":72},"jb_5":{"width":41,"height":72},"jb_6":{"width":54,"height":72}},"jb_14":{"jb_1":{"width":70,"height":72},"jb_2":{"width":54,"height":72},"jb_3":{"width":41,"height":72},"jb_4":{"width":18,"height":72},"jb_5":{"width":41,"height":72},"jb_6":{"width":54,"height":72}},"jb_15":{"jb_1":{"width":70,"height":72},"jb_2":{"width":54,"height":72},"jb_3":{"width":41,"height":72},"jb_4":{"width":18,"height":72},"jb_5":{"width":41,"height":72},"jb_6":{"width":54,"height":72}},"jb_16":{"jb_1":{"width":70,"height":72},"jb_2":{"width":54,"height":72},"jb_3":{"width":41,"height":72},"jb_4":{"width":18,"height":72},"jb_5":{"width":41,"height":72},"jb_6":{"width":54,"height":72}},"jb_17":{"jb_1":{"width":70,"height":72},"jb_2":{"width":54,"height":72},"jb_3":{"width":41,"height":72},"jb_4":{"width":18,"height":72},"jb_5":{"width":41,"height":72},"jb_6":{"width":54,"height":72}},"jb_18":{"jb_1":{"width":70,"height":72},"jb_2":{"width":54,"height":72},"jb_3":{"width":41,"height":72},"jb_4":{"width":18,"height":72},"jb_5":{"width":41,"height":72},"jb_6":{"width":54,"height":72}},"jb_19":{"jb_1":{"width":70,"height":72},"jb_2":{"width":54,"height":72},"jb_3":{"width":41,"height":72},"jb_4":{"width":18,"height":72},"jb_5":{"width":41,"height":72},"jb_6":{"width":54,"height":72}},"jb_2":{"jb_1":{"width":70,"height":72},"jb_2":{"width":54,"height":72},"jb_3":{"width":41,"height":72},"jb_4":{"width":18,"height":72},"jb_5":{"width":41,"height":72},"jb_6":{"width":54,"height":72}},"jb_20":{"jb_1":{"width":70,"height":72},"jb_2":{"width":54,"height":72},"jb_3":{"width":41,"height":72},"jb_4":{"width":18,"height":72},"jb_5":{"width":41,"height":72},"jb_6":{"width":54,"height":72}},"jb_21":{"jb_1":{"width":70,"height":72},"jb_2":{"width":54,"height":72},"jb_3":{"width":41,"height":72},"jb_4":{"width":18,"height":72},"jb_5":{"width":41,"height":72},"jb_6":{"width":54,"height":72}},"jb_22":{"jb_1":{"width":70,"height":72},"jb_2":{"width":54,"height":72},"jb_3":{"width":41,"height":72},"jb_4":{"width":18,"height":72},"jb_5":{"width":41,"height":72},"jb_6":{"width":54,"height":72}},"jb_23":{"jb_1":{"width":70,"height":72},"jb_2":{"width":54,"height":72},"jb_3":{"width":41,"height":72},"jb_4":{"width":18,"height":72},"jb_5":{"width":41,"height":72},"jb_6":{"width":54,"height":72}},"jb_24":{"jb_1":{"width":70,"height":72},"jb_2":{"width":54,"height":72},"jb_3":{"width":41,"height":72},"jb_4":{"width":18,"height":72},"jb_5":{"width":41,"height":72},"jb_6":{"width":54,"height":72}},"jb_25":{"jb_1":{"width":70,"height":72},"jb_2":{"width":54,"height":72},"jb_3":{"width":41,"height":72},"jb_4":{"width":18,"height":72},"jb_5":{"width":41,"height":72},"jb_6":{"width":54,"height":72}},"jb_26":{"jb_1":{"width":70,"height":72},"jb_2":{"width":54,"height":72},"jb_3":{"width":41,"height":72},"jb_4":{"width":18,"height":72},"jb_5":{"width":41,"height":72},"jb_6":{"width":54,"height":72}},"jb_27":{"jb_1":{"width":70,"height":72},"jb_2":{"width":54,"height":72},"jb_3":{"width":41,"height":72},"jb_4":{"width":18,"height":72},"jb_5":{"width":41,"height":72},"jb_6":{"width":54,"height":72}},"jb_28":{"jb_1":{"width":70,"height":72},"jb_2":{"width":54,"height":72},"jb_3":{"width":41,"height":72},"jb_4":{"width":18,"height":72},"jb_5":{"width":41,"height":72},"jb_6":{"width":54,"height":72}},"jb_29":{"jb_1":{"width":70,"height":72},"jb_2":{"width":54,"height":72},"jb_3":{"width":41,"height":72},"jb_4":{"width":18,"height":72},"jb_5":{"width":41,"height":72},"jb_6":{"width":54,"height":72}},"jb_3":{"jb_1":{"width":70,"height":72},"jb_2":{"width":54,"height":72},"jb_3":{"width":41,"height":72},"jb_4":{"width":18,"height":72},"jb_5":{"width":41,"height":72},"jb_6":{"width":54,"height":72}},"jb_30":{"jb_1":{"width":70,"height":72},"jb_2":{"width":54,"height":72},"jb_3":{"width":41,"height":72},"jb_4":{"width":18,"height":72},"jb_5":{"width":41,"height":72},"jb_6":{"width":54,"height":72}},"jb_31":{"jb_1":{"width":70,"height":72},"jb_2":{"width":54,"height":72},"jb_3":{"width":41,"height":72},"jb_4":{"width":18,"height":72},"jb_5":{"width":41,"height":72},"jb_6":{"width":54,"height":72}},"jb_32":{"jb_1":{"width":70,"height":72},"jb_2":{"width":54,"height":72},"jb_3":{"width":41,"height":72},"jb_4":{"width":18,"height":72},"jb_5":{"width":41,"height":72},"jb_6":{"width":54,"height":72}},"jb_4":{"jb_1":{"width":70,"height":72},"jb_2":{"width":54,"height":72},"jb_3":{"width":41,"height":72},"jb_4":{"width":18,"height":72},"jb_5":{"width":41,"height":72},"jb_6":{"width":54,"height":72}},"jb_5":{"jb_1":{"width":70,"height":72},"jb_2":{"width":54,"height":72},"jb_3":{"width":41,"height":72},"jb_4":{"width":18,"height":72},"jb_5":{"width":41,"height":72},"jb_6":{"width":54,"height":72}},"jb_6":{"jb_1":{"width":70,"height":72},"jb_2":{"width":54,"height":72},"jb_3":{"width":41,"height":72},"jb_4":{"width":18,"height":72},"jb_5":{"width":41,"height":72},"jb_6":{"width":54,"height":72}},"jb_7":{"jb_1":{"width":70,"height":72},"jb_2":{"width":54,"height":72},"jb_3":{"width":41,"height":72},"jb_4":{"width":18,"height":72},"jb_5":{"width":41,"height":72},"jb_6":{"width":54,"height":72}},"jb_8":{"jb_1":{"width":70,"height":72},"jb_2":{"width":54,"height":72},"jb_3":{"width":41,"height":72},"jb_4":{"width":18,"height":72},"jb_5":{"width":41,"height":72},"jb_6":{"width":54,"height":72}},"jb_9":{"jb_1":{"width":70,"height":72},"jb_2":{"width":54,"height":72},"jb_3":{"width":41,"height":72},"jb_4":{"width":18,"height":72},"jb_5":{"width":41,"height":72},"jb_6":{"width":54,"height":72}}}},"animations":{"jinbi":{"slots":{"jb_1":{"color":[{"time":1.1667,"color":"fffffffe"},{"time":1.3333,"color":"ffffff00"}],"attachment":[{"time":0,"name":"jb_1"},{"time":0.0667,"name":"jb_2"},{"time":0.1333,"name":"jb_3"},{"time":0.2,"name":"jb_4"},{"time":0.2667,"name":"jb_5"},{"time":0.3333,"name":"jb_6"},{"time":0.4,"name":"jb_1"},{"time":0.4667,"name":"jb_2"},{"time":0.5333,"name":"jb_3"},{"time":0.6,"name":"jb_4"},{"time":0.6667,"name":"jb_5"},{"time":0.7333,"name":"jb_6"},{"time":0.8,"name":"jb_1"},{"time":0.8667,"name":"jb_2"},{"time":0.9333,"name":"jb_3"},{"time":1,"name":"jb_4"},{"time":1.0667,"name":"jb_5"},{"time":1.1333,"name":"jb_6"},{"time":1.2,"name":"jb_1"},{"time":1.2667,"name":"jb_2"},{"time":1.3333,"name":"jb_3"}]},"jb_2":{"color":[{"time":1.3333,"color":"fffffffe"},{"time":1.5,"color":"ffffff00"}],"attachment":[{"time":0.1667,"name":"jb_1"},{"time":0.2333,"name":"jb_2"},{"time":0.3,"name":"jb_3"},{"time":0.3667,"name":"jb_4"},{"time":0.4333,"name":"jb_5"},{"time":0.5,"name":"jb_6"},{"time":0.5667,"name":"jb_1"},{"time":0.6333,"name":"jb_2"},{"time":0.7,"name":"jb_3"},{"time":0.7667,"name":"jb_4"},{"time":0.8333,"name":"jb_5"},{"time":0.9,"name":"jb_6"},{"time":0.9667,"name":"jb_1"},{"time":1.0333,"name":"jb_2"},{"time":1.1,"name":"jb_3"},{"time":1.1667,"name":"jb_4"},{"time":1.2333,"name":"jb_5"},{"time":1.3,"name":"jb_6"},{"time":1.3667,"name":"jb_1"},{"time":1.4333,"name":"jb_2"},{"time":1.5,"name":"jb_3"}]},"jb_3":{"color":[{"time":1.3667,"color":"fffffffe"},{"time":1.5333,"color":"ffffff00"}],"attachment":[{"time":0.2,"name":"jb_1"},{"time":0.2667,"name":"jb_2"},{"time":0.3333,"name":"jb_3"},{"time":0.4,"name":"jb_4"},{"time":0.4667,"name":"jb_5"},{"time":0.5333,"name":"jb_6"},{"time":0.6,"name":"jb_1"},{"time":0.6667,"name":"jb_2"},{"time":0.7333,"name":"jb_3"},{"time":0.8,"name":"jb_4"},{"time":0.8667,"name":"jb_5"},{"time":0.9333,"name":"jb_6"},{"time":1,"name":"jb_1"},{"time":1.0667,"name":"jb_2"},{"time":1.1333,"name":"jb_3"},{"time":1.2,"name":"jb_4"},{"time":1.2667,"name":"jb_5"},{"time":1.3333,"name":"jb_6"},{"time":1.4,"name":"jb_1"},{"time":1.4667,"name":"jb_2"},{"time":1.5333,"name":"jb_3"}]},"jb_4":{"color":[{"time":1.2667,"color":"fffffffe"},{"time":1.4333,"color":"ffffff00"}],"attachment":[{"time":0.1,"name":"jb_1"},{"time":0.1667,"name":"jb_2"},{"time":0.2333,"name":"jb_3"},{"time":0.3,"name":"jb_4"},{"time":0.3667,"name":"jb_5"},{"time":0.4333,"name":"jb_6"},{"time":0.5,"name":"jb_1"},{"time":0.5667,"name":"jb_2"},{"time":0.6333,"name":"jb_3"},{"time":0.7,"name":"jb_4"},{"time":0.7667,"name":"jb_5"},{"time":0.8333,"name":"jb_6"},{"time":0.9,"name":"jb_1"},{"time":0.9667,"name":"jb_2"},{"time":1.0333,"name":"jb_3"},{"time":1.1,"name":"jb_4"},{"time":1.1667,"name":"jb_5"},{"time":1.2333,"name":"jb_6"},{"time":1.3,"name":"jb_1"},{"time":1.3667,"name":"jb_2"},{"time":1.4333,"name":"jb_3"}]},"jb_5":{"color":[{"time":1.2667,"color":"fffffffe"},{"time":1.4333,"color":"ffffff00"}],"attachment":[{"time":0.1,"name":"jb_1"},{"time":0.1667,"name":"jb_2"},{"time":0.2333,"name":"jb_3"},{"time":0.3,"name":"jb_4"},{"time":0.3667,"name":"jb_5"},{"time":0.4333,"name":"jb_6"},{"time":0.5,"name":"jb_1"},{"time":0.5667,"name":"jb_2"},{"time":0.6333,"name":"jb_3"},{"time":0.7,"name":"jb_4"},{"time":0.7667,"name":"jb_5"},{"time":0.8333,"name":"jb_6"},{"time":0.9,"name":"jb_1"},{"time":0.9667,"name":"jb_2"},{"time":1.0333,"name":"jb_3"},{"time":1.1,"name":"jb_4"},{"time":1.1667,"name":"jb_5"},{"time":1.2333,"name":"jb_6"},{"time":1.3,"name":"jb_1"},{"time":1.3667,"name":"jb_2"},{"time":1.4333,"name":"jb_3"}]},"jb_6":{"color":[{"time":1.4333,"color":"fffffffe"},{"time":1.6,"color":"ffffff00"}],"attachment":[{"time":0.2667,"name":"jb_1"},{"time":0.3333,"name":"jb_2"},{"time":0.4,"name":"jb_3"},{"time":0.4667,"name":"jb_4"},{"time":0.5333,"name":"jb_5"},{"time":0.6,"name":"jb_6"},{"time":0.6667,"name":"jb_1"},{"time":0.7333,"name":"jb_2"},{"time":0.8,"name":"jb_3"},{"time":0.8667,"name":"jb_4"},{"time":0.9333,"name":"jb_5"},{"time":1,"name":"jb_6"},{"time":1.0667,"name":"jb_1"},{"time":1.1333,"name":"jb_2"},{"time":1.2,"name":"jb_3"},{"time":1.2667,"name":"jb_4"},{"time":1.3333,"name":"jb_5"},{"time":1.4,"name":"jb_6"},{"time":1.4667,"name":"jb_1"},{"time":1.5333,"name":"jb_2"},{"time":1.6,"name":"jb_3"}]},"jb_7":{"color":[{"time":1.2333,"color":"fffffffe"},{"time":1.4,"color":"ffffff00"}],"attachment":[{"time":0.0667,"name":"jb_1"},{"time":0.1333,"name":"jb_2"},{"time":0.2,"name":"jb_3"},{"time":0.2667,"name":"jb_4"},{"time":0.3333,"name":"jb_5"},{"time":0.4,"name":"jb_6"},{"time":0.4667,"name":"jb_1"},{"time":0.5333,"name":"jb_2"},{"time":0.6,"name":"jb_3"},{"time":0.6667,"name":"jb_4"},{"time":0.7333,"name":"jb_5"},{"time":0.8,"name":"jb_6"},{"time":0.8667,"name":"jb_1"},{"time":0.9333,"name":"jb_2"},{"time":1,"name":"jb_3"},{"time":1.0667,"name":"jb_4"},{"time":1.1333,"name":"jb_5"},{"time":1.2,"name":"jb_6"},{"time":1.2667,"name":"jb_1"},{"time":1.3333,"name":"jb_2"},{"time":1.4,"name":"jb_3"}]},"jb_8":{"color":[{"time":1.3,"color":"fffffffe"},{"time":1.4667,"color":"ffffff00"}],"attachment":[{"time":0.1333,"name":"jb_1"},{"time":0.2,"name":"jb_2"},{"time":0.2667,"name":"jb_3"},{"time":0.3333,"name":"jb_4"},{"time":0.4,"name":"jb_5"},{"time":0.4667,"name":"jb_6"},{"time":0.5333,"name":"jb_1"},{"time":0.6,"name":"jb_2"},{"time":0.6667,"name":"jb_3"},{"time":0.7333,"name":"jb_4"},{"time":0.8,"name":"jb_5"},{"time":0.8667,"name":"jb_6"},{"time":0.9333,"name":"jb_1"},{"time":1,"name":"jb_2"},{"time":1.0667,"name":"jb_3"},{"time":1.1333,"name":"jb_4"},{"time":1.2,"name":"jb_5"},{"time":1.2667,"name":"jb_6"},{"time":1.3333,"name":"jb_1"},{"time":1.4,"name":"jb_2"},{"time":1.4667,"name":"jb_3"}]},"jb_9":{"color":[{"time":1.1667,"color":"fffffffe"},{"time":1.3333,"color":"ffffff00"}],"attachment":[{"time":0,"name":"jb_1"},{"time":0.0667,"name":"jb_2"},{"time":0.1333,"name":"jb_3"},{"time":0.2,"name":"jb_4"},{"time":0.2667,"name":"jb_5"},{"time":0.3333,"name":"jb_6"},{"time":0.4,"name":"jb_1"},{"time":0.4667,"name":"jb_2"},{"time":0.5333,"name":"jb_3"},{"time":0.6,"name":"jb_4"},{"time":0.6667,"name":"jb_5"},{"time":0.7333,"name":"jb_6"},{"time":0.8,"name":"jb_1"},{"time":0.8667,"name":"jb_2"},{"time":0.9333,"name":"jb_3"},{"time":1,"name":"jb_4"},{"time":1.0667,"name":"jb_5"},{"time":1.1333,"name":"jb_6"},{"time":1.2,"name":"jb_1"},{"time":1.2667,"name":"jb_2"},{"time":1.3333,"name":"jb_3"}]},"jb_10":{"color":[{"time":1.3333,"color":"fffffffe"},{"time":1.5,"color":"ffffff00"}],"attachment":[{"time":0.1667,"name":"jb_1"},{"time":0.2333,"name":"jb_2"},{"time":0.3,"name":"jb_3"},{"time":0.3667,"name":"jb_4"},{"time":0.4333,"name":"jb_5"},{"time":0.5,"name":"jb_6"},{"time":0.5667,"name":"jb_1"},{"time":0.6333,"name":"jb_2"},{"time":0.7,"name":"jb_3"},{"time":0.7667,"name":"jb_4"},{"time":0.8333,"name":"jb_5"},{"time":0.9,"name":"jb_6"},{"time":0.9667,"name":"jb_1"},{"time":1.0333,"name":"jb_2"},{"time":1.1,"name":"jb_3"},{"time":1.1667,"name":"jb_4"},{"time":1.2333,"name":"jb_5"},{"time":1.3,"name":"jb_6"},{"time":1.3667,"name":"jb_1"},{"time":1.4333,"name":"jb_2"},{"time":1.5,"name":"jb_3"}]},"jb_11":{"color":[{"time":1.3667,"color":"fffffffe"},{"time":1.5333,"color":"ffffff00"}],"attachment":[{"time":0.2,"name":"jb_1"},{"time":0.2667,"name":"jb_2"},{"time":0.3333,"name":"jb_3"},{"time":0.4,"name":"jb_4"},{"time":0.4667,"name":"jb_5"},{"time":0.5333,"name":"jb_6"},{"time":0.6,"name":"jb_1"},{"time":0.6667,"name":"jb_2"},{"time":0.7333,"name":"jb_3"},{"time":0.8,"name":"jb_4"},{"time":0.8667,"name":"jb_5"},{"time":0.9333,"name":"jb_6"},{"time":1,"name":"jb_1"},{"time":1.0667,"name":"jb_2"},{"time":1.1333,"name":"jb_3"},{"time":1.2,"name":"jb_4"},{"time":1.2667,"name":"jb_5"},{"time":1.3333,"name":"jb_6"},{"time":1.4,"name":"jb_1"},{"time":1.4667,"name":"jb_2"},{"time":1.5333,"name":"jb_3"}]},"jb_12":{"color":[{"time":1.2667,"color":"fffffffe"},{"time":1.4333,"color":"ffffff00"}],"attachment":[{"time":0.1,"name":"jb_1"},{"time":0.1667,"name":"jb_2"},{"time":0.2333,"name":"jb_3"},{"time":0.3,"name":"jb_4"},{"time":0.3667,"name":"jb_5"},{"time":0.4333,"name":"jb_6"},{"time":0.5,"name":"jb_1"},{"time":0.5667,"name":"jb_2"},{"time":0.6333,"name":"jb_3"},{"time":0.7,"name":"jb_4"},{"time":0.7667,"name":"jb_5"},{"time":0.8333,"name":"jb_6"},{"time":0.9,"name":"jb_1"},{"time":0.9667,"name":"jb_2"},{"time":1.0333,"name":"jb_3"},{"time":1.1,"name":"jb_4"},{"time":1.1667,"name":"jb_5"},{"time":1.2333,"name":"jb_6"},{"time":1.3,"name":"jb_1"},{"time":1.3667,"name":"jb_2"},{"time":1.4333,"name":"jb_3"}]},"jb_13":{"color":[{"time":1.3667,"color":"fffffffe"},{"time":1.5333,"color":"ffffff00"}],"attachment":[{"time":0.2,"name":"jb_1"},{"time":0.2667,"name":"jb_2"},{"time":0.3333,"name":"jb_3"},{"time":0.4,"name":"jb_4"},{"time":0.4667,"name":"jb_5"},{"time":0.5333,"name":"jb_6"},{"time":0.6,"name":"jb_1"},{"time":0.6667,"name":"jb_2"},{"time":0.7333,"name":"jb_3"},{"time":0.8,"name":"jb_4"},{"time":0.8667,"name":"jb_5"},{"time":0.9333,"name":"jb_6"},{"time":1,"name":"jb_1"},{"time":1.0667,"name":"jb_2"},{"time":1.1333,"name":"jb_3"},{"time":1.2,"name":"jb_4"},{"time":1.2667,"name":"jb_5"},{"time":1.3333,"name":"jb_6"},{"time":1.4,"name":"jb_1"},{"time":1.4667,"name":"jb_2"},{"time":1.5333,"name":"jb_3"}]},"jb_14":{"color":[{"time":1.5667,"color":"fffffffe"},{"time":1.7333,"color":"ffffff00"}],"attachment":[{"time":0.4,"name":"jb_1"},{"time":0.4667,"name":"jb_2"},{"time":0.5333,"name":"jb_3"},{"time":0.6,"name":"jb_4"},{"time":0.6667,"name":"jb_5"},{"time":0.7333,"name":"jb_6"},{"time":0.8,"name":"jb_1"},{"time":0.8667,"name":"jb_2"},{"time":0.9333,"name":"jb_3"},{"time":1,"name":"jb_4"},{"time":1.0667,"name":"jb_5"},{"time":1.1333,"name":"jb_6"},{"time":1.2,"name":"jb_1"},{"time":1.2667,"name":"jb_2"},{"time":1.3333,"name":"jb_3"},{"time":1.4,"name":"jb_4"},{"time":1.4667,"name":"jb_5"},{"time":1.5333,"name":"jb_6"},{"time":1.6,"name":"jb_1"},{"time":1.6667,"name":"jb_2"},{"time":1.7333,"name":"jb_3"}]},"jb_15":{"color":[{"time":1.2333,"color":"fffffffe"},{"time":1.4,"color":"ffffff00"}],"attachment":[{"time":0.0667,"name":"jb_1"},{"time":0.1333,"name":"jb_2"},{"time":0.2,"name":"jb_3"},{"time":0.2667,"name":"jb_4"},{"time":0.3333,"name":"jb_5"},{"time":0.4,"name":"jb_6"},{"time":0.4667,"name":"jb_1"},{"time":0.5333,"name":"jb_2"},{"time":0.6,"name":"jb_3"},{"time":0.6667,"name":"jb_4"},{"time":0.7333,"name":"jb_5"},{"time":0.8,"name":"jb_6"},{"time":0.8667,"name":"jb_1"},{"time":0.9333,"name":"jb_2"},{"time":1,"name":"jb_3"},{"time":1.0667,"name":"jb_4"},{"time":1.1333,"name":"jb_5"},{"time":1.2,"name":"jb_6"},{"time":1.2667,"name":"jb_1"},{"time":1.3333,"name":"jb_2"},{"time":1.4,"name":"jb_3"}]},"jb_16":{"color":[{"time":1.3,"color":"fffffffe"},{"time":1.4667,"color":"ffffff00"}],"attachment":[{"time":0.1333,"name":"jb_1"},{"time":0.2,"name":"jb_2"},{"time":0.2667,"name":"jb_3"},{"time":0.3333,"name":"jb_4"},{"time":0.4,"name":"jb_5"},{"time":0.4667,"name":"jb_6"},{"time":0.5333,"name":"jb_1"},{"time":0.6,"name":"jb_2"},{"time":0.6667,"name":"jb_3"},{"time":0.7333,"name":"jb_4"},{"time":0.8,"name":"jb_5"},{"time":0.8667,"name":"jb_6"},{"time":0.9333,"name":"jb_1"},{"time":1,"name":"jb_2"},{"time":1.0667,"name":"jb_3"},{"time":1.1333,"name":"jb_4"},{"time":1.2,"name":"jb_5"},{"time":1.2667,"name":"jb_6"},{"time":1.3333,"name":"jb_1"},{"time":1.4,"name":"jb_2"},{"time":1.4667,"name":"jb_3"}]},"jb_17":{"color":[{"time":1.4333,"color":"fffffffe"},{"time":1.6,"color":"ffffff00"}],"attachment":[{"time":0.2667,"name":"jb_1"},{"time":0.3333,"name":"jb_2"},{"time":0.4,"name":"jb_3"},{"time":0.4667,"name":"jb_4"},{"time":0.5333,"name":"jb_5"},{"time":0.6,"name":"jb_6"},{"time":0.6667,"name":"jb_1"},{"time":0.7333,"name":"jb_2"},{"time":0.8,"name":"jb_3"},{"time":0.8667,"name":"jb_4"},{"time":0.9333,"name":"jb_5"},{"time":1,"name":"jb_6"},{"time":1.0667,"name":"jb_1"},{"time":1.1333,"name":"jb_2"},{"time":1.2,"name":"jb_3"},{"time":1.2667,"name":"jb_4"},{"time":1.3333,"name":"jb_5"},{"time":1.4,"name":"jb_6"},{"time":1.4667,"name":"jb_1"},{"time":1.5333,"name":"jb_2"},{"time":1.6,"name":"jb_3"}]},"jb_18":{"color":[{"time":1.5667,"color":"fffffffe"},{"time":1.7333,"color":"ffffff00"}],"attachment":[{"time":0.4,"name":"jb_1"},{"time":0.4667,"name":"jb_2"},{"time":0.5333,"name":"jb_3"},{"time":0.6,"name":"jb_4"},{"time":0.6667,"name":"jb_5"},{"time":0.7333,"name":"jb_6"},{"time":0.8,"name":"jb_1"},{"time":0.8667,"name":"jb_2"},{"time":0.9333,"name":"jb_3"},{"time":1,"name":"jb_4"},{"time":1.0667,"name":"jb_5"},{"time":1.1333,"name":"jb_6"},{"time":1.2,"name":"jb_1"},{"time":1.2667,"name":"jb_2"},{"time":1.3333,"name":"jb_3"},{"time":1.4,"name":"jb_4"},{"time":1.4667,"name":"jb_5"},{"time":1.5333,"name":"jb_6"},{"time":1.6,"name":"jb_1"},{"time":1.6667,"name":"jb_2"},{"time":1.7333,"name":"jb_3"}]},"jb_19":{"color":[{"time":1.6333,"color":"fffffffe"},{"time":1.8,"color":"ffffff00"}],"attachment":[{"time":0.4667,"name":"jb_1"},{"time":0.5333,"name":"jb_2"},{"time":0.6,"name":"jb_3"},{"time":0.6667,"name":"jb_4"},{"time":0.7333,"name":"jb_5"},{"time":0.8,"name":"jb_6"},{"time":0.8667,"name":"jb_1"},{"time":0.9333,"name":"jb_2"},{"time":1,"name":"jb_3"},{"time":1.0667,"name":"jb_4"},{"time":1.1333,"name":"jb_5"},{"time":1.2,"name":"jb_6"},{"time":1.2667,"name":"jb_1"},{"time":1.3333,"name":"jb_2"},{"time":1.4,"name":"jb_3"},{"time":1.4667,"name":"jb_4"},{"time":1.5333,"name":"jb_5"},{"time":1.6,"name":"jb_6"},{"time":1.6667,"name":"jb_1"},{"time":1.7333,"name":"jb_2"},{"time":1.8,"name":"jb_3"}]},"jb_20":{"color":[{"time":1.5333,"color":"fffffffe"},{"time":1.7,"color":"ffffff00"}],"attachment":[{"time":0.3667,"name":"jb_1"},{"time":0.4333,"name":"jb_2"},{"time":0.5,"name":"jb_3"},{"time":0.5667,"name":"jb_4"},{"time":0.6333,"name":"jb_5"},{"time":0.7,"name":"jb_6"},{"time":0.7667,"name":"jb_1"},{"time":0.8333,"name":"jb_2"},{"time":0.9,"name":"jb_3"},{"time":0.9667,"name":"jb_4"},{"time":1.0333,"name":"jb_5"},{"time":1.1,"name":"jb_6"},{"time":1.1667,"name":"jb_1"},{"time":1.2333,"name":"jb_2"},{"time":1.3,"name":"jb_3"},{"time":1.3667,"name":"jb_4"},{"time":1.4333,"name":"jb_5"},{"time":1.5,"name":"jb_6"},{"time":1.5667,"name":"jb_1"},{"time":1.6333,"name":"jb_2"},{"time":1.7,"name":"jb_3"}]},"jb_21":{"color":[{"time":1.4333,"color":"fffffffe"},{"time":1.6,"color":"ffffff00"}],"attachment":[{"time":0.2667,"name":"jb_1"},{"time":0.3333,"name":"jb_2"},{"time":0.4,"name":"jb_3"},{"time":0.4667,"name":"jb_4"},{"time":0.5333,"name":"jb_5"},{"time":0.6,"name":"jb_6"},{"time":0.6667,"name":"jb_1"},{"time":0.7333,"name":"jb_2"},{"time":0.8,"name":"jb_3"},{"time":0.8667,"name":"jb_4"},{"time":0.9333,"name":"jb_5"},{"time":1,"name":"jb_6"},{"time":1.0667,"name":"jb_1"},{"time":1.1333,"name":"jb_2"},{"time":1.2,"name":"jb_3"},{"time":1.2667,"name":"jb_4"},{"time":1.3333,"name":"jb_5"},{"time":1.4,"name":"jb_6"},{"time":1.4667,"name":"jb_1"},{"time":1.5333,"name":"jb_2"},{"time":1.6,"name":"jb_3"}]},"jb_22":{"color":[{"time":1.6333,"color":"fffffffe"},{"time":1.8,"color":"ffffff00"}],"attachment":[{"time":0.4667,"name":"jb_1"},{"time":0.5333,"name":"jb_2"},{"time":0.6,"name":"jb_3"},{"time":0.6667,"name":"jb_4"},{"time":0.7333,"name":"jb_5"},{"time":0.8,"name":"jb_6"},{"time":0.8667,"name":"jb_1"},{"time":0.9333,"name":"jb_2"},{"time":1,"name":"jb_3"},{"time":1.0667,"name":"jb_4"},{"time":1.1333,"name":"jb_5"},{"time":1.2,"name":"jb_6"},{"time":1.2667,"name":"jb_1"},{"time":1.3333,"name":"jb_2"},{"time":1.4,"name":"jb_3"},{"time":1.4667,"name":"jb_4"},{"time":1.5333,"name":"jb_5"},{"time":1.6,"name":"jb_6"},{"time":1.6667,"name":"jb_1"},{"time":1.7333,"name":"jb_2"},{"time":1.8,"name":"jb_3"}]},"jb_23":{"color":[{"time":1.4,"color":"fffffffe"},{"time":1.5667,"color":"ffffff00"}],"attachment":[{"time":0.2333,"name":"jb_1"},{"time":0.3,"name":"jb_2"},{"time":0.3667,"name":"jb_3"},{"time":0.4333,"name":"jb_4"},{"time":0.5,"name":"jb_5"},{"time":0.5667,"name":"jb_6"},{"time":0.6333,"name":"jb_1"},{"time":0.7,"name":"jb_2"},{"time":0.7667,"name":"jb_3"},{"time":0.8333,"name":"jb_4"},{"time":0.9,"name":"jb_5"},{"time":0.9667,"name":"jb_6"},{"time":1.0333,"name":"jb_1"},{"time":1.1,"name":"jb_2"},{"time":1.1667,"name":"jb_3"},{"time":1.2333,"name":"jb_4"},{"time":1.3,"name":"jb_5"},{"time":1.3667,"name":"jb_6"},{"time":1.4333,"name":"jb_1"},{"time":1.5,"name":"jb_2"},{"time":1.5667,"name":"jb_3"}]},"jb_24":{"color":[{"time":1.7,"color":"fffffffe"},{"time":1.8667,"color":"ffffff00"}],"attachment":[{"time":0.5333,"name":"jb_1"},{"time":0.6,"name":"jb_2"},{"time":0.6667,"name":"jb_3"},{"time":0.7333,"name":"jb_4"},{"time":0.8,"name":"jb_5"},{"time":0.8667,"name":"jb_6"},{"time":0.9333,"name":"jb_1"},{"time":1,"name":"jb_2"},{"time":1.0667,"name":"jb_3"},{"time":1.1333,"name":"jb_4"},{"time":1.2,"name":"jb_5"},{"time":1.2667,"name":"jb_6"},{"time":1.3333,"name":"jb_1"},{"time":1.4,"name":"jb_2"},{"time":1.4667,"name":"jb_3"},{"time":1.5333,"name":"jb_4"},{"time":1.6,"name":"jb_5"},{"time":1.6667,"name":"jb_6"},{"time":1.7333,"name":"jb_1"},{"time":1.8,"name":"jb_2"},{"time":1.8667,"name":"jb_3"}]},"jb_25":{"color":[{"time":1.3333,"color":"fffffffe"},{"time":1.5,"color":"ffffff00"}],"attachment":[{"time":0.1667,"name":"jb_1"},{"time":0.2333,"name":"jb_2"},{"time":0.3,"name":"jb_3"},{"time":0.3667,"name":"jb_4"},{"time":0.4333,"name":"jb_5"},{"time":0.5,"name":"jb_6"},{"time":0.5667,"name":"jb_1"},{"time":0.6333,"name":"jb_2"},{"time":0.7,"name":"jb_3"},{"time":0.7667,"name":"jb_4"},{"time":0.8333,"name":"jb_5"},{"time":0.9,"name":"jb_6"},{"time":0.9667,"name":"jb_1"},{"time":1.0333,"name":"jb_2"},{"time":1.1,"name":"jb_3"},{"time":1.1667,"name":"jb_4"},{"time":1.2333,"name":"jb_5"},{"time":1.3,"name":"jb_6"},{"time":1.3667,"name":"jb_1"},{"time":1.4333,"name":"jb_2"},{"time":1.5,"name":"jb_3"}]},"jb_26":{"color":[{"time":1.6333,"color":"fffffffe"},{"time":1.8,"color":"ffffff00"}],"attachment":[{"time":0.4667,"name":"jb_1"},{"time":0.5333,"name":"jb_2"},{"time":0.6,"name":"jb_3"},{"time":0.6667,"name":"jb_4"},{"time":0.7333,"name":"jb_5"},{"time":0.8,"name":"jb_6"},{"time":0.8667,"name":"jb_1"},{"time":0.9333,"name":"jb_2"},{"time":1,"name":"jb_3"},{"time":1.0667,"name":"jb_4"},{"time":1.1333,"name":"jb_5"},{"time":1.2,"name":"jb_6"},{"time":1.2667,"name":"jb_1"},{"time":1.3333,"name":"jb_2"},{"time":1.4,"name":"jb_3"},{"time":1.4667,"name":"jb_4"},{"time":1.5333,"name":"jb_5"},{"time":1.6,"name":"jb_6"},{"time":1.6667,"name":"jb_1"},{"time":1.7333,"name":"jb_2"},{"time":1.8,"name":"jb_3"}]},"jb_27":{"color":[{"time":1.4333,"color":"fffffffe"},{"time":1.6,"color":"ffffff00"}],"attachment":[{"time":0.2667,"name":"jb_1"},{"time":0.3333,"name":"jb_2"},{"time":0.4,"name":"jb_3"},{"time":0.4667,"name":"jb_4"},{"time":0.5333,"name":"jb_5"},{"time":0.6,"name":"jb_6"},{"time":0.6667,"name":"jb_1"},{"time":0.7333,"name":"jb_2"},{"time":0.8,"name":"jb_3"},{"time":0.8667,"name":"jb_4"},{"time":0.9333,"name":"jb_5"},{"time":1,"name":"jb_6"},{"time":1.0667,"name":"jb_1"},{"time":1.1333,"name":"jb_2"},{"time":1.2,"name":"jb_3"},{"time":1.2667,"name":"jb_4"},{"time":1.3333,"name":"jb_5"},{"time":1.4,"name":"jb_6"},{"time":1.4667,"name":"jb_1"},{"time":1.5333,"name":"jb_2"},{"time":1.6,"name":"jb_3"}]},"jb_28":{"color":[{"time":1.6333,"color":"fffffffe"},{"time":1.8,"color":"ffffff00"}],"attachment":[{"time":0.4667,"name":"jb_1"},{"time":0.5333,"name":"jb_2"},{"time":0.6,"name":"jb_3"},{"time":0.6667,"name":"jb_4"},{"time":0.7333,"name":"jb_5"},{"time":0.8,"name":"jb_6"},{"time":0.8667,"name":"jb_1"},{"time":0.9333,"name":"jb_2"},{"time":1,"name":"jb_3"},{"time":1.0667,"name":"jb_4"},{"time":1.1333,"name":"jb_5"},{"time":1.2,"name":"jb_6"},{"time":1.2667,"name":"jb_1"},{"time":1.3333,"name":"jb_2"},{"time":1.4,"name":"jb_3"},{"time":1.4667,"name":"jb_4"},{"time":1.5333,"name":"jb_5"},{"time":1.6,"name":"jb_6"},{"time":1.6667,"name":"jb_1"},{"time":1.7333,"name":"jb_2"},{"time":1.8,"name":"jb_3"}]},"jb_29":{"color":[{"time":1.5333,"color":"fffffffe"},{"time":1.7,"color":"ffffff00"}],"attachment":[{"time":0.3667,"name":"jb_1"},{"time":0.4333,"name":"jb_2"},{"time":0.5,"name":"jb_3"},{"time":0.5667,"name":"jb_4"},{"time":0.6333,"name":"jb_5"},{"time":0.7,"name":"jb_6"},{"time":0.7667,"name":"jb_1"},{"time":0.8333,"name":"jb_2"},{"time":0.9,"name":"jb_3"},{"time":0.9667,"name":"jb_4"},{"time":1.0333,"name":"jb_5"},{"time":1.1,"name":"jb_6"},{"time":1.1667,"name":"jb_1"},{"time":1.2333,"name":"jb_2"},{"time":1.3,"name":"jb_3"},{"time":1.3667,"name":"jb_4"},{"time":1.4333,"name":"jb_5"},{"time":1.5,"name":"jb_6"},{"time":1.5667,"name":"jb_1"},{"time":1.6333,"name":"jb_2"},{"time":1.7,"name":"jb_3"}]},"jb_30":{"color":[{"time":1.7333,"color":"fffffffe"},{"time":1.9,"color":"ffffff00"}],"attachment":[{"time":0.5667,"name":"jb_1"},{"time":0.6333,"name":"jb_2"},{"time":0.7,"name":"jb_3"},{"time":0.7667,"name":"jb_4"},{"time":0.8333,"name":"jb_5"},{"time":0.9,"name":"jb_6"},{"time":0.9667,"name":"jb_1"},{"time":1.0333,"name":"jb_2"},{"time":1.1,"name":"jb_3"},{"time":1.1667,"name":"jb_4"},{"time":1.2333,"name":"jb_5"},{"time":1.3,"name":"jb_6"},{"time":1.3667,"name":"jb_1"},{"time":1.4333,"name":"jb_2"},{"time":1.5,"name":"jb_3"},{"time":1.5667,"name":"jb_4"},{"time":1.6333,"name":"jb_5"},{"time":1.7,"name":"jb_6"},{"time":1.7667,"name":"jb_1"},{"time":1.8333,"name":"jb_2"},{"time":1.9,"name":"jb_3"}]},"jb_31":{"color":[{"time":1.4667,"color":"fffffffe"},{"time":1.6333,"color":"ffffff00"}],"attachment":[{"time":0.3,"name":"jb_1"},{"time":0.3667,"name":"jb_2"},{"time":0.4333,"name":"jb_3"},{"time":0.5,"name":"jb_4"},{"time":0.5667,"name":"jb_5"},{"time":0.6333,"name":"jb_6"},{"time":0.7,"name":"jb_1"},{"time":0.7667,"name":"jb_2"},{"time":0.8333,"name":"jb_3"},{"time":0.9,"name":"jb_4"},{"time":0.9667,"name":"jb_5"},{"time":1.0333,"name":"jb_6"},{"time":1.1,"name":"jb_1"},{"time":1.1667,"name":"jb_2"},{"time":1.2333,"name":"jb_3"},{"time":1.3,"name":"jb_4"},{"time":1.3667,"name":"jb_5"},{"time":1.4333,"name":"jb_6"},{"time":1.5,"name":"jb_1"},{"time":1.5667,"name":"jb_2"},{"time":1.6333,"name":"jb_3"}]},"jb_32":{"color":[{"time":1.6667,"color":"fffffffe"},{"time":1.8333,"color":"ffffff00"}],"attachment":[{"time":0.5,"name":"jb_1"},{"time":0.5667,"name":"jb_2"},{"time":0.6333,"name":"jb_3"},{"time":0.7,"name":"jb_4"},{"time":0.7667,"name":"jb_5"},{"time":0.8333,"name":"jb_6"},{"time":0.9,"name":"jb_1"},{"time":0.9667,"name":"jb_2"},{"time":1.0333,"name":"jb_3"},{"time":1.1,"name":"jb_4"},{"time":1.1667,"name":"jb_5"},{"time":1.2333,"name":"jb_6"},{"time":1.3,"name":"jb_1"},{"time":1.3667,"name":"jb_2"},{"time":1.4333,"name":"jb_3"},{"time":1.5,"name":"jb_4"},{"time":1.5667,"name":"jb_5"},{"time":1.6333,"name":"jb_6"},{"time":1.7,"name":"jb_1"},{"time":1.7667,"name":"jb_2"},{"time":1.8333,"name":"jb_3"}]}},"bones":{"bone":{"rotate":[{"time":0,"angle":0},{"time":0.6667,"angle":180},{"time":1.3333,"angle":0}],"translate":[{"time":0,"x":0,"y":351.91},{"time":0.3333,"x":0,"y":-320},{"time":0.5,"x":0,"y":-132.32},{"time":0.6667,"x":0,"y":-320},{"time":0.8333,"x":0,"y":-216.87},{"time":1,"x":0,"y":-320},{"time":1.1667,"x":0,"y":-262.73},{"time":1.3333,"x":0,"y":-320}],"scale":[{"time":0,"x":1,"y":1,"curve":"stepped"},{"time":0.3333,"x":1,"y":1,"curve":"stepped"},{"time":0.5,"x":1,"y":1,"curve":"stepped"},{"time":0.6667,"x":1,"y":1,"curve":"stepped"},{"time":0.8333,"x":1,"y":1,"curve":"stepped"},{"time":1,"x":1,"y":1,"curve":"stepped"},{"time":1.1667,"x":1,"y":1,"curve":"stepped"},{"time":1.3333,"x":1,"y":1}]},"bone2":{"rotate":[{"time":0.1667,"angle":0},{"time":0.8333,"angle":180},{"time":1.5,"angle":0}],"translate":[{"time":0.1667,"x":0,"y":351.91},{"time":0.5,"x":0,"y":-320},{"time":0.6667,"x":0,"y":-132.32},{"time":0.8333,"x":0,"y":-320},{"time":1,"x":0,"y":-216.87},{"time":1.1667,"x":0,"y":-320},{"time":1.3333,"x":0,"y":-262.73},{"time":1.5,"x":0,"y":-320}],"scale":[{"time":0.1667,"x":1,"y":1,"curve":"stepped"},{"time":0.5,"x":1,"y":1,"curve":"stepped"},{"time":0.6667,"x":1,"y":1,"curve":"stepped"},{"time":0.8333,"x":1,"y":1,"curve":"stepped"},{"time":1,"x":1,"y":1,"curve":"stepped"},{"time":1.1667,"x":1,"y":1,"curve":"stepped"},{"time":1.3333,"x":1,"y":1,"curve":"stepped"},{"time":1.5,"x":1,"y":1}]},"bone3":{"rotate":[{"time":0.2,"angle":0},{"time":0.5,"angle":90},{"time":0.8333,"angle":180},{"time":1.1667,"angle":-90},{"time":1.5333,"angle":0}],"translate":[{"time":0.2,"x":0,"y":351.91},{"time":0.5333,"x":0,"y":-320},{"time":0.7,"x":0,"y":-132.32},{"time":0.8667,"x":0,"y":-320},{"time":1.0333,"x":0,"y":-216.87},{"time":1.2,"x":0,"y":-320},{"time":1.3667,"x":0,"y":-262.73},{"time":1.5333,"x":0,"y":-320}],"scale":[{"time":0.2,"x":1,"y":1,"curve":"stepped"},{"time":0.5333,"x":1,"y":1,"curve":"stepped"},{"time":0.7,"x":1,"y":1,"curve":"stepped"},{"time":0.8667,"x":1,"y":1,"curve":"stepped"},{"time":1.0333,"x":1,"y":1,"curve":"stepped"},{"time":1.2,"x":1,"y":1,"curve":"stepped"},{"time":1.3667,"x":1,"y":1,"curve":"stepped"},{"time":1.5333,"x":1,"y":1}]},"bone4":{"rotate":[{"time":0.1,"angle":0},{"time":0.7667,"angle":180},{"time":1.4333,"angle":0}],"translate":[{"time":0.1,"x":0,"y":351.91},{"time":0.4333,"x":0,"y":-320},{"time":0.6,"x":0,"y":-132.32},{"time":0.7667,"x":0,"y":-320},{"time":0.9333,"x":0,"y":-216.87},{"time":1.1,"x":0,"y":-320},{"time":1.2667,"x":0,"y":-262.73},{"time":1.4333,"x":0,"y":-320}],"scale":[{"time":0.1,"x":1,"y":1,"curve":"stepped"},{"time":0.4333,"x":1,"y":1,"curve":"stepped"},{"time":0.6,"x":1,"y":1,"curve":"stepped"},{"time":0.7667,"x":1,"y":1,"curve":"stepped"},{"time":0.9333,"x":1,"y":1,"curve":"stepped"},{"time":1.1,"x":1,"y":1,"curve":"stepped"},{"time":1.2667,"x":1,"y":1,"curve":"stepped"},{"time":1.4333,"x":1,"y":1}]},"bone5":{"rotate":[{"time":0.1,"angle":0},{"time":0.7667,"angle":180},{"time":1.4333,"angle":0}],"translate":[{"time":0.1,"x":0,"y":351.91},{"time":0.4333,"x":0,"y":-320},{"time":0.6,"x":0,"y":-132.32},{"time":0.7667,"x":0,"y":-320},{"time":0.9333,"x":0,"y":-216.87},{"time":1.1,"x":0,"y":-320},{"time":1.2667,"x":0,"y":-262.73},{"time":1.4333,"x":0,"y":-320}],"scale":[{"time":0.1,"x":1,"y":1,"curve":"stepped"},{"time":0.4333,"x":1,"y":1,"curve":"stepped"},{"time":0.6,"x":1,"y":1,"curve":"stepped"},{"time":0.7667,"x":1,"y":1,"curve":"stepped"},{"time":0.9333,"x":1,"y":1,"curve":"stepped"},{"time":1.1,"x":1,"y":1,"curve":"stepped"},{"time":1.2667,"x":1,"y":1,"curve":"stepped"},{"time":1.4333,"x":1,"y":1}]},"bone6":{"rotate":[{"time":0.2667,"angle":0},{"time":0.6,"angle":90},{"time":0.9333,"angle":180},{"time":1.2667,"angle":-90},{"time":1.6,"angle":0}],"translate":[{"time":0.2667,"x":0,"y":351.91},{"time":0.6,"x":0,"y":-320},{"time":0.7667,"x":0,"y":-132.32},{"time":0.9333,"x":0,"y":-320},{"time":1.1,"x":0,"y":-216.87},{"time":1.2667,"x":0,"y":-320},{"time":1.4333,"x":0,"y":-262.73},{"time":1.6,"x":0,"y":-320}],"scale":[{"time":0.2667,"x":1,"y":1,"curve":"stepped"},{"time":0.6,"x":1,"y":1,"curve":"stepped"},{"time":0.7667,"x":1,"y":1,"curve":"stepped"},{"time":0.9333,"x":1,"y":1,"curve":"stepped"},{"time":1.1,"x":1,"y":1,"curve":"stepped"},{"time":1.2667,"x":1,"y":1,"curve":"stepped"},{"time":1.4333,"x":1,"y":1,"curve":"stepped"},{"time":1.6,"x":1,"y":1}]},"bone7":{"rotate":[{"time":0.0667,"angle":0},{"time":0.7333,"angle":180},{"time":1.4,"angle":0}],"translate":[{"time":0.0667,"x":0,"y":351.91},{"time":0.4,"x":0,"y":-320},{"time":0.5667,"x":0,"y":-132.32},{"time":0.7333,"x":0,"y":-320},{"time":0.9,"x":0,"y":-216.87},{"time":1.0667,"x":0,"y":-320},{"time":1.2333,"x":0,"y":-262.73},{"time":1.4,"x":0,"y":-320}],"scale":[{"time":0.0667,"x":1,"y":1,"curve":"stepped"},{"time":0.4,"x":1,"y":1,"curve":"stepped"},{"time":0.5667,"x":1,"y":1,"curve":"stepped"},{"time":0.7333,"x":1,"y":1,"curve":"stepped"},{"time":0.9,"x":1,"y":1,"curve":"stepped"},{"time":1.0667,"x":1,"y":1,"curve":"stepped"},{"time":1.2333,"x":1,"y":1,"curve":"stepped"},{"time":1.4,"x":1,"y":1}]},"bone8":{"rotate":[{"time":0.1333,"angle":0},{"time":0.8,"angle":180},{"time":1.4667,"angle":0}],"translate":[{"time":0.1333,"x":0,"y":351.91},{"time":0.4667,"x":0,"y":-320},{"time":0.6333,"x":0,"y":-132.32},{"time":0.8,"x":0,"y":-320},{"time":0.9667,"x":0,"y":-216.87},{"time":1.1333,"x":0,"y":-320},{"time":1.3,"x":0,"y":-262.73},{"time":1.4667,"x":0,"y":-320}],"scale":[{"time":0.1333,"x":1,"y":1,"curve":"stepped"},{"time":0.4667,"x":1,"y":1,"curve":"stepped"},{"time":0.6333,"x":1,"y":1,"curve":"stepped"},{"time":0.8,"x":1,"y":1,"curve":"stepped"},{"time":0.9667,"x":1,"y":1,"curve":"stepped"},{"time":1.1333,"x":1,"y":1,"curve":"stepped"},{"time":1.3,"x":1,"y":1,"curve":"stepped"},{"time":1.4667,"x":1,"y":1}]},"bone9":{"rotate":[{"time":0,"angle":0},{"time":0.6667,"angle":180},{"time":1.3333,"angle":0}],"translate":[{"time":0,"x":0,"y":351.91},{"time":0.3333,"x":0,"y":-320},{"time":0.5,"x":0,"y":-132.32},{"time":0.6667,"x":0,"y":-320},{"time":0.8333,"x":0,"y":-216.87},{"time":1,"x":0,"y":-320},{"time":1.1667,"x":0,"y":-262.73},{"time":1.3333,"x":0,"y":-320}],"scale":[{"time":0,"x":1,"y":1,"curve":"stepped"},{"time":0.3333,"x":1,"y":1,"curve":"stepped"},{"time":0.5,"x":1,"y":1,"curve":"stepped"},{"time":0.6667,"x":1,"y":1,"curve":"stepped"},{"time":0.8333,"x":1,"y":1,"curve":"stepped"},{"time":1,"x":1,"y":1,"curve":"stepped"},{"time":1.1667,"x":1,"y":1,"curve":"stepped"},{"time":1.3333,"x":1,"y":1}]},"bone10":{"rotate":[{"time":0.1667,"angle":0},{"time":0.8333,"angle":180},{"time":1.5,"angle":0}],"translate":[{"time":0.1667,"x":0,"y":351.91},{"time":0.5,"x":0,"y":-320},{"time":0.6667,"x":0,"y":-132.32},{"time":0.8333,"x":0,"y":-320},{"time":1,"x":0,"y":-216.87},{"time":1.1667,"x":0,"y":-320},{"time":1.3333,"x":0,"y":-262.73},{"time":1.5,"x":0,"y":-320}],"scale":[{"time":0.1667,"x":1,"y":1,"curve":"stepped"},{"time":0.5,"x":1,"y":1,"curve":"stepped"},{"time":0.6667,"x":1,"y":1,"curve":"stepped"},{"time":0.8333,"x":1,"y":1,"curve":"stepped"},{"time":1,"x":1,"y":1,"curve":"stepped"},{"time":1.1667,"x":1,"y":1,"curve":"stepped"},{"time":1.3333,"x":1,"y":1,"curve":"stepped"},{"time":1.5,"x":1,"y":1}]},"bone11":{"rotate":[{"time":0.2,"angle":0},{"time":0.8667,"angle":180},{"time":1.5333,"angle":0}],"translate":[{"time":0.2,"x":0,"y":351.91},{"time":0.5333,"x":0,"y":-320},{"time":0.7,"x":0,"y":-132.32},{"time":0.8667,"x":0,"y":-320},{"time":1.0333,"x":0,"y":-216.87},{"time":1.2,"x":0,"y":-320},{"time":1.3667,"x":0,"y":-262.73},{"time":1.5333,"x":0,"y":-320}],"scale":[{"time":0.2,"x":1,"y":1,"curve":"stepped"},{"time":0.5333,"x":1,"y":1,"curve":"stepped"},{"time":0.7,"x":1,"y":1,"curve":"stepped"},{"time":0.8667,"x":1,"y":1,"curve":"stepped"},{"time":1.0333,"x":1,"y":1,"curve":"stepped"},{"time":1.2,"x":1,"y":1,"curve":"stepped"},{"time":1.3667,"x":1,"y":1,"curve":"stepped"},{"time":1.5333,"x":1,"y":1}]},"bone12":{"rotate":[{"time":0.1,"angle":0},{"time":0.7667,"angle":180},{"time":1.4333,"angle":0}],"translate":[{"time":0.1,"x":0,"y":351.91},{"time":0.4333,"x":0,"y":-320},{"time":0.6,"x":0,"y":-132.32},{"time":0.7667,"x":0,"y":-320},{"time":0.9333,"x":0,"y":-216.87},{"time":1.1,"x":0,"y":-320},{"time":1.2667,"x":0,"y":-262.73},{"time":1.4333,"x":0,"y":-320}],"scale":[{"time":0.1,"x":1,"y":1,"curve":"stepped"},{"time":0.4333,"x":1,"y":1,"curve":"stepped"},{"time":0.6,"x":1,"y":1,"curve":"stepped"},{"time":0.7667,"x":1,"y":1,"curve":"stepped"},{"time":0.9333,"x":1,"y":1,"curve":"stepped"},{"time":1.1,"x":1,"y":1,"curve":"stepped"},{"time":1.2667,"x":1,"y":1,"curve":"stepped"},{"time":1.4333,"x":1,"y":1}]},"bone13":{"rotate":[{"time":0.2,"angle":0},{"time":0.5333,"angle":90},{"time":0.8667,"angle":180},{"time":1.2,"angle":-90},{"time":1.5333,"angle":0}],"translate":[{"time":0.2,"x":0,"y":351.91},{"time":0.5333,"x":0,"y":-320},{"time":0.7,"x":0,"y":22.13},{"time":0.8667,"x":0,"y":-320},{"time":1.0333,"x":0,"y":-157.51},{"time":1.2,"x":0,"y":-320},{"time":1.3667,"x":0,"y":-262.73},{"time":1.5333,"x":0,"y":-320}],"scale":[{"time":0.2,"x":1,"y":1,"curve":"stepped"},{"time":0.5333,"x":1,"y":1,"curve":"stepped"},{"time":0.7,"x":1,"y":1,"curve":"stepped"},{"time":0.8667,"x":1,"y":1,"curve":"stepped"},{"time":1.0333,"x":1,"y":1,"curve":"stepped"},{"time":1.2,"x":1,"y":1,"curve":"stepped"},{"time":1.3667,"x":1,"y":1,"curve":"stepped"},{"time":1.5333,"x":1,"y":1}]},"bone14":{"rotate":[{"time":0.4,"angle":0},{"time":1.0667,"angle":180},{"time":1.7333,"angle":0}],"translate":[{"time":0.4,"x":0,"y":351.91},{"time":0.7333,"x":0,"y":-320},{"time":0.9,"x":0,"y":-132.32},{"time":1.0667,"x":0,"y":-320},{"time":1.2333,"x":0,"y":-216.87},{"time":1.4,"x":0,"y":-320},{"time":1.5667,"x":0,"y":-262.73},{"time":1.7333,"x":0,"y":-320}],"scale":[{"time":0.4,"x":1,"y":1,"curve":"stepped"},{"time":0.7333,"x":1,"y":1,"curve":"stepped"},{"time":0.9,"x":1,"y":1,"curve":"stepped"},{"time":1.0667,"x":1,"y":1,"curve":"stepped"},{"time":1.2333,"x":1,"y":1,"curve":"stepped"},{"time":1.4,"x":1,"y":1,"curve":"stepped"},{"time":1.5667,"x":1,"y":1,"curve":"stepped"},{"time":1.7333,"x":1,"y":1}]},"bone15":{"rotate":[{"time":0.0667,"angle":0},{"time":0.7333,"angle":180},{"time":1.4,"angle":0}],"translate":[{"time":0.0667,"x":0,"y":351.91},{"time":0.4,"x":0,"y":-320},{"time":0.5667,"x":0,"y":-132.32},{"time":0.7333,"x":0,"y":-320},{"time":0.9,"x":0,"y":-216.87},{"time":1.0667,"x":0,"y":-320},{"time":1.2333,"x":0,"y":-262.73},{"time":1.4,"x":0,"y":-320}],"scale":[{"time":0.0667,"x":1,"y":1,"curve":"stepped"},{"time":0.4,"x":1,"y":1,"curve":"stepped"},{"time":0.5667,"x":1,"y":1,"curve":"stepped"},{"time":0.7333,"x":1,"y":1,"curve":"stepped"},{"time":0.9,"x":1,"y":1,"curve":"stepped"},{"time":1.0667,"x":1,"y":1,"curve":"stepped"},{"time":1.2333,"x":1,"y":1,"curve":"stepped"},{"time":1.4,"x":1,"y":1}]},"bone16":{"rotate":[{"time":0.1333,"angle":0},{"time":0.8,"angle":180},{"time":1.4667,"angle":0}],"translate":[{"time":0.1333,"x":0,"y":351.91},{"time":0.4667,"x":0,"y":-320},{"time":0.6333,"x":0,"y":-132.32},{"time":0.8,"x":0,"y":-320},{"time":0.9667,"x":0,"y":-216.87},{"time":1.1333,"x":0,"y":-320},{"time":1.3,"x":0,"y":-262.73},{"time":1.4667,"x":0,"y":-320}],"scale":[{"time":0.1333,"x":1,"y":1,"curve":"stepped"},{"time":0.4667,"x":1,"y":1,"curve":"stepped"},{"time":0.6333,"x":1,"y":1,"curve":"stepped"},{"time":0.8,"x":1,"y":1,"curve":"stepped"},{"time":0.9667,"x":1,"y":1,"curve":"stepped"},{"time":1.1333,"x":1,"y":1,"curve":"stepped"},{"time":1.3,"x":1,"y":1,"curve":"stepped"},{"time":1.4667,"x":1,"y":1}]},"bone17":{"rotate":[{"time":0.2667,"angle":0},{"time":0.9333,"angle":180},{"time":1.6,"angle":0}],"translate":[{"time":0.2667,"x":0,"y":351.91},{"time":0.6,"x":0,"y":-320},{"time":0.7667,"x":0,"y":-132.32},{"time":0.9333,"x":0,"y":-320},{"time":1.1,"x":0,"y":-216.87},{"time":1.2667,"x":0,"y":-320},{"time":1.4333,"x":0,"y":-262.73},{"time":1.6,"x":0,"y":-320}],"scale":[{"time":0.2667,"x":1,"y":1,"curve":"stepped"},{"time":0.6,"x":1,"y":1,"curve":"stepped"},{"time":0.7667,"x":1,"y":1,"curve":"stepped"},{"time":0.9333,"x":1,"y":1,"curve":"stepped"},{"time":1.1,"x":1,"y":1,"curve":"stepped"},{"time":1.2667,"x":1,"y":1,"curve":"stepped"},{"time":1.4333,"x":1,"y":1,"curve":"stepped"},{"time":1.6,"x":1,"y":1}]},"bone18":{"rotate":[{"time":0.4,"angle":0},{"time":1.0667,"angle":180},{"time":1.7333,"angle":0}],"translate":[{"time":0.4,"x":0,"y":351.91},{"time":0.7333,"x":0,"y":-320},{"time":0.9,"x":0,"y":-132.32},{"time":1.0667,"x":0,"y":-320},{"time":1.2333,"x":0,"y":-216.87},{"time":1.4,"x":0,"y":-320},{"time":1.5667,"x":0,"y":-262.73},{"time":1.7333,"x":0,"y":-320}],"scale":[{"time":0.4,"x":1,"y":1,"curve":"stepped"},{"time":0.7333,"x":1,"y":1,"curve":"stepped"},{"time":0.9,"x":1,"y":1,"curve":"stepped"},{"time":1.0667,"x":1,"y":1,"curve":"stepped"},{"time":1.2333,"x":1,"y":1,"curve":"stepped"},{"time":1.4,"x":1,"y":1,"curve":"stepped"},{"time":1.5667,"x":1,"y":1,"curve":"stepped"},{"time":1.7333,"x":1,"y":1}]},"bone19":{"rotate":[{"time":0.4667,"angle":0},{"time":1.1333,"angle":180},{"time":1.8,"angle":0}],"translate":[{"time":0.4667,"x":0,"y":351.91},{"time":0.8,"x":0,"y":-320},{"time":0.9667,"x":0,"y":-132.32},{"time":1.1333,"x":0,"y":-320},{"time":1.3,"x":0,"y":-216.87},{"time":1.4667,"x":0,"y":-320},{"time":1.6333,"x":0,"y":-262.73},{"time":1.8,"x":0,"y":-320}],"scale":[{"time":0.4667,"x":1,"y":1,"curve":"stepped"},{"time":0.8,"x":1,"y":1,"curve":"stepped"},{"time":0.9667,"x":1,"y":1,"curve":"stepped"},{"time":1.1333,"x":1,"y":1,"curve":"stepped"},{"time":1.3,"x":1,"y":1,"curve":"stepped"},{"time":1.4667,"x":1,"y":1,"curve":"stepped"},{"time":1.6333,"x":1,"y":1,"curve":"stepped"},{"time":1.8,"x":1,"y":1}]},"bone20":{"rotate":[{"time":0.3667,"angle":0},{"time":1.0333,"angle":180},{"time":1.7,"angle":0}],"translate":[{"time":0.3667,"x":0,"y":351.91},{"time":0.7,"x":0,"y":-320},{"time":0.8667,"x":0,"y":-132.32},{"time":1.0333,"x":0,"y":-320},{"time":1.2,"x":0,"y":-216.87},{"time":1.3667,"x":0,"y":-320},{"time":1.5333,"x":0,"y":-262.73},{"time":1.7,"x":0,"y":-320}],"scale":[{"time":0.3667,"x":1,"y":1,"curve":"stepped"},{"time":0.7,"x":1,"y":1,"curve":"stepped"},{"time":0.8667,"x":1,"y":1,"curve":"stepped"},{"time":1.0333,"x":1,"y":1,"curve":"stepped"},{"time":1.2,"x":1,"y":1,"curve":"stepped"},{"time":1.3667,"x":1,"y":1,"curve":"stepped"},{"time":1.5333,"x":1,"y":1,"curve":"stepped"},{"time":1.7,"x":1,"y":1}]},"bone21":{"rotate":[{"time":0.2667,"angle":0},{"time":0.9333,"angle":180},{"time":1.6,"angle":0}],"translate":[{"time":0.2667,"x":0,"y":351.91},{"time":0.6,"x":0,"y":-320},{"time":0.7667,"x":0,"y":-132.32},{"time":0.9333,"x":0,"y":-320},{"time":1.1,"x":0,"y":-216.87},{"time":1.2667,"x":0,"y":-320},{"time":1.4333,"x":0,"y":-262.73},{"time":1.6,"x":0,"y":-320}],"scale":[{"time":0.2667,"x":1,"y":1,"curve":"stepped"},{"time":0.6,"x":1,"y":1,"curve":"stepped"},{"time":0.7667,"x":1,"y":1,"curve":"stepped"},{"time":0.9333,"x":1,"y":1,"curve":"stepped"},{"time":1.1,"x":1,"y":1,"curve":"stepped"},{"time":1.2667,"x":1,"y":1,"curve":"stepped"},{"time":1.4333,"x":1,"y":1,"curve":"stepped"},{"time":1.6,"x":1,"y":1}]},"bone22":{"rotate":[{"time":0.4667,"angle":0},{"time":1.1333,"angle":180},{"time":1.8,"angle":0}],"translate":[{"time":0.4667,"x":0,"y":351.91},{"time":0.8,"x":0,"y":-320},{"time":0.9667,"x":0,"y":-132.32},{"time":1.1333,"x":0,"y":-320},{"time":1.3,"x":0,"y":-216.87},{"time":1.4667,"x":0,"y":-320},{"time":1.6333,"x":0,"y":-262.73},{"time":1.8,"x":0,"y":-320}],"scale":[{"time":0.4667,"x":1,"y":1,"curve":"stepped"},{"time":0.8,"x":1,"y":1,"curve":"stepped"},{"time":0.9667,"x":1,"y":1,"curve":"stepped"},{"time":1.1333,"x":1,"y":1,"curve":"stepped"},{"time":1.3,"x":1,"y":1,"curve":"stepped"},{"time":1.4667,"x":1,"y":1,"curve":"stepped"},{"time":1.6333,"x":1,"y":1,"curve":"stepped"},{"time":1.8,"x":1,"y":1}]},"bone23":{"rotate":[{"time":0.2333,"angle":0},{"time":0.9,"angle":180},{"time":1.5667,"angle":0}],"translate":[{"time":0.2333,"x":0,"y":351.91},{"time":0.5667,"x":0,"y":-320},{"time":0.7333,"x":0,"y":-132.32},{"time":0.9,"x":0,"y":-320},{"time":1.0667,"x":0,"y":-216.87},{"time":1.2333,"x":0,"y":-320},{"time":1.4,"x":0,"y":-262.73},{"time":1.5667,"x":0,"y":-320}],"scale":[{"time":0.2333,"x":1,"y":1,"curve":"stepped"},{"time":0.5667,"x":1,"y":1,"curve":"stepped"},{"time":0.7333,"x":1,"y":1,"curve":"stepped"},{"time":0.9,"x":1,"y":1,"curve":"stepped"},{"time":1.0667,"x":1,"y":1,"curve":"stepped"},{"time":1.2333,"x":1,"y":1,"curve":"stepped"},{"time":1.4,"x":1,"y":1,"curve":"stepped"},{"time":1.5667,"x":1,"y":1}]},"bone24":{"rotate":[{"time":0.5333,"angle":0},{"time":1.2,"angle":180},{"time":1.8667,"angle":0}],"translate":[{"time":0.5333,"x":0,"y":351.91},{"time":0.8667,"x":0,"y":-320},{"time":1.0333,"x":0,"y":-132.32},{"time":1.2,"x":0,"y":-320},{"time":1.3667,"x":0,"y":-216.87},{"time":1.5333,"x":0,"y":-320},{"time":1.7,"x":0,"y":-262.73},{"time":1.8667,"x":0,"y":-320}],"scale":[{"time":0.5333,"x":1,"y":1,"curve":"stepped"},{"time":0.8667,"x":1,"y":1,"curve":"stepped"},{"time":1.0333,"x":1,"y":1,"curve":"stepped"},{"time":1.2,"x":1,"y":1,"curve":"stepped"},{"time":1.3667,"x":1,"y":1,"curve":"stepped"},{"time":1.5333,"x":1,"y":1,"curve":"stepped"},{"time":1.7,"x":1,"y":1,"curve":"stepped"},{"time":1.8667,"x":1,"y":1}]},"bone25":{"rotate":[{"time":0.1667,"angle":0},{"time":0.8333,"angle":180},{"time":1.5,"angle":0}],"translate":[{"time":0.1667,"x":0,"y":351.91},{"time":0.5,"x":0,"y":-320},{"time":0.6667,"x":0,"y":-132.32},{"time":0.8333,"x":0,"y":-320},{"time":1,"x":0,"y":-216.87},{"time":1.1667,"x":0,"y":-320},{"time":1.3333,"x":0,"y":-262.73},{"time":1.5,"x":0,"y":-320}],"scale":[{"time":0.1667,"x":1,"y":1,"curve":"stepped"},{"time":0.5,"x":1,"y":1,"curve":"stepped"},{"time":0.6667,"x":1,"y":1,"curve":"stepped"},{"time":0.8333,"x":1,"y":1,"curve":"stepped"},{"time":1,"x":1,"y":1,"curve":"stepped"},{"time":1.1667,"x":1,"y":1,"curve":"stepped"},{"time":1.3333,"x":1,"y":1,"curve":"stepped"},{"time":1.5,"x":1,"y":1}]},"bone26":{"rotate":[{"time":0.4667,"angle":0},{"time":0.8,"angle":90},{"time":1.1333,"angle":180},{"time":1.4667,"angle":-90},{"time":1.8,"angle":0}],"translate":[{"time":0.4667,"x":0,"y":351.91},{"time":0.8,"x":0,"y":-320},{"time":0.9667,"x":0,"y":-132.32},{"time":1.1333,"x":0,"y":-320},{"time":1.3,"x":0,"y":-216.87},{"time":1.4667,"x":0,"y":-320},{"time":1.6333,"x":0,"y":-262.73},{"time":1.8,"x":0,"y":-320}],"scale":[{"time":0.4667,"x":1,"y":1,"curve":"stepped"},{"time":0.8,"x":1,"y":1,"curve":"stepped"},{"time":0.9667,"x":1,"y":1,"curve":"stepped"},{"time":1.1333,"x":1,"y":1,"curve":"stepped"},{"time":1.3,"x":1,"y":1,"curve":"stepped"},{"time":1.4667,"x":1,"y":1,"curve":"stepped"},{"time":1.6333,"x":1,"y":1,"curve":"stepped"},{"time":1.8,"x":1,"y":1}]},"bone27":{"rotate":[{"time":0.2667,"angle":0},{"time":0.9333,"angle":180},{"time":1.6,"angle":0}],"translate":[{"time":0.2667,"x":0,"y":351.91},{"time":0.6,"x":0,"y":-320},{"time":0.7667,"x":0,"y":-132.32},{"time":0.9333,"x":0,"y":-320},{"time":1.1,"x":0,"y":-216.87},{"time":1.2667,"x":0,"y":-320},{"time":1.4333,"x":0,"y":-262.73},{"time":1.6,"x":0,"y":-320}],"scale":[{"time":0.2667,"x":1,"y":1,"curve":"stepped"},{"time":0.6,"x":1,"y":1,"curve":"stepped"},{"time":0.7667,"x":1,"y":1,"curve":"stepped"},{"time":0.9333,"x":1,"y":1,"curve":"stepped"},{"time":1.1,"x":1,"y":1,"curve":"stepped"},{"time":1.2667,"x":1,"y":1,"curve":"stepped"},{"time":1.4333,"x":1,"y":1,"curve":"stepped"},{"time":1.6,"x":1,"y":1}]},"bone28":{"rotate":[{"time":0.4667,"angle":0},{"time":1.1333,"angle":180},{"time":1.8,"angle":0}],"translate":[{"time":0.4667,"x":0,"y":351.91},{"time":0.8,"x":0,"y":-320},{"time":0.9667,"x":0,"y":-132.32},{"time":1.1333,"x":0,"y":-320},{"time":1.3,"x":0,"y":-216.87},{"time":1.4667,"x":0,"y":-320},{"time":1.6333,"x":0,"y":-262.73},{"time":1.8,"x":0,"y":-320}],"scale":[{"time":0.4667,"x":1,"y":1,"curve":"stepped"},{"time":0.8,"x":1,"y":1,"curve":"stepped"},{"time":0.9667,"x":1,"y":1,"curve":"stepped"},{"time":1.1333,"x":1,"y":1,"curve":"stepped"},{"time":1.3,"x":1,"y":1,"curve":"stepped"},{"time":1.4667,"x":1,"y":1,"curve":"stepped"},{"time":1.6333,"x":1,"y":1,"curve":"stepped"},{"time":1.8,"x":1,"y":1}]},"bone29":{"rotate":[{"time":0.3667,"angle":0},{"time":1.0333,"angle":180},{"time":1.7,"angle":0}],"translate":[{"time":0.3667,"x":0,"y":351.91},{"time":0.7,"x":0,"y":-320},{"time":0.8667,"x":0,"y":-132.32},{"time":1.0333,"x":0,"y":-320},{"time":1.2,"x":0,"y":-216.87},{"time":1.3667,"x":0,"y":-320},{"time":1.5333,"x":0,"y":-262.73},{"time":1.7,"x":0,"y":-320}],"scale":[{"time":0.3667,"x":1,"y":1,"curve":"stepped"},{"time":0.7,"x":1,"y":1,"curve":"stepped"},{"time":0.8667,"x":1,"y":1,"curve":"stepped"},{"time":1.0333,"x":1,"y":1,"curve":"stepped"},{"time":1.2,"x":1,"y":1,"curve":"stepped"},{"time":1.3667,"x":1,"y":1,"curve":"stepped"},{"time":1.5333,"x":1,"y":1,"curve":"stepped"},{"time":1.7,"x":1,"y":1}]},"bone30":{"rotate":[{"time":0.5667,"angle":0},{"time":1.2333,"angle":180},{"time":1.9,"angle":0}],"translate":[{"time":0.5667,"x":0,"y":351.91},{"time":0.9,"x":0,"y":-320},{"time":1.0667,"x":0,"y":-132.32},{"time":1.2333,"x":0,"y":-320},{"time":1.4,"x":0,"y":-216.87},{"time":1.5667,"x":0,"y":-320},{"time":1.7333,"x":0,"y":-262.73},{"time":1.9,"x":0,"y":-320}],"scale":[{"time":0.5667,"x":1,"y":1,"curve":"stepped"},{"time":0.9,"x":1,"y":1,"curve":"stepped"},{"time":1.0667,"x":1,"y":1,"curve":"stepped"},{"time":1.2333,"x":1,"y":1,"curve":"stepped"},{"time":1.4,"x":1,"y":1,"curve":"stepped"},{"time":1.5667,"x":1,"y":1,"curve":"stepped"},{"time":1.7333,"x":1,"y":1,"curve":"stepped"},{"time":1.9,"x":1,"y":1}]},"bone31":{"rotate":[{"time":0.3,"angle":0},{"time":0.6333,"angle":90},{"time":0.9667,"angle":180},{"time":1.3,"angle":-90},{"time":1.6333,"angle":0}],"translate":[{"time":0.3,"x":0,"y":351.91},{"time":0.6333,"x":0,"y":-320},{"time":0.8,"x":0,"y":-132.32},{"time":0.9667,"x":0,"y":-320},{"time":1.1333,"x":0,"y":-216.87},{"time":1.3,"x":0,"y":-320},{"time":1.4667,"x":0,"y":-262.73},{"time":1.6333,"x":0,"y":-320}],"scale":[{"time":0.3,"x":1,"y":1,"curve":"stepped"},{"time":0.6333,"x":1,"y":1,"curve":"stepped"},{"time":0.8,"x":1,"y":1,"curve":"stepped"},{"time":0.9667,"x":1,"y":1,"curve":"stepped"},{"time":1.1333,"x":1,"y":1,"curve":"stepped"},{"time":1.3,"x":1,"y":1,"curve":"stepped"},{"time":1.4667,"x":1,"y":1,"curve":"stepped"},{"time":1.6333,"x":1,"y":1}]},"bone32":{"rotate":[{"time":0.5,"angle":0},{"time":1.1667,"angle":180},{"time":1.8333,"angle":0}],"translate":[{"time":0.5,"x":0,"y":351.91},{"time":0.8333,"x":0,"y":-320},{"time":1,"x":0,"y":-132.32},{"time":1.1667,"x":0,"y":-320},{"time":1.3333,"x":0,"y":-216.87},{"time":1.5,"x":0,"y":-320},{"time":1.6667,"x":0,"y":-262.73},{"time":1.8333,"x":0,"y":-320}],"scale":[{"time":0.5,"x":1,"y":1,"curve":"stepped"},{"time":0.8333,"x":1,"y":1,"curve":"stepped"},{"time":1,"x":1,"y":1,"curve":"stepped"},{"time":1.1667,"x":1,"y":1,"curve":"stepped"},{"time":1.3333,"x":1,"y":1,"curve":"stepped"},{"time":1.5,"x":1,"y":1,"curve":"stepped"},{"time":1.6667,"x":1,"y":1,"curve":"stepped"},{"time":1.8333,"x":1,"y":1}]}}}}}