{
  "listdata": [
    {
      "md5": "8dafca9910f2fa96c60920865c0a06f9", 
      "name": "poker.plist", 
      "path": "runfasthn/res/"
    }, 
    {
      "md5": "519c64f2850ff6a0ecdb0c4d038075ce", 
      "name": "poker.png", 
      "path": "runfasthn/res/"
    }, 
    {
      "md5": "2f3d747cd04c9075d66a1c75ba58343e", 
      "name": "runFastCard.png", 
      "path": "runfasthn/res/"
    }, 
    {
      "md5": "dee391725db30e046c48575abca17a6b", 
      "name": "CheckBox_Disable.png", 
      "path": "runfasthn/res/Default/"
    }, 
    {
      "md5": "d2b92fda5d3db3b82e4c2ad1851dec57", 
      "name": "CheckBox_Normal.png", 
      "path": "runfasthn/res/Default/"
    }, 
    {
      "md5": "9f5c2f124ede88a3454ae837f7b5ad17", 
      "name": "CheckBox_Press.png", 
      "path": "runfasthn/res/Default/"
    }, 
    {
      "md5": "a9da6349ca1d9c8fcd8248d05b7cb545", 
      "name": "CheckBoxNode_Disable.png", 
      "path": "runfasthn/res/Default/"
    }, 
    {
      "md5": "f3f639e8a874da59fa9db19904b76f4d", 
      "name": "CheckBoxNode_Normal.png", 
      "path": "runfasthn/res/Default/"
    }, 
    {
      "md5": "7b5c98a23993fb67ff9b05eea70ac37c", 
      "name": "round_body.ttf", 
      "path": "runfasthn/res/fonts/"
    }, 
    {
      "md5": "62ea348689b0a1938f812bd7831d548c", 
      "name": "bg_cover.png", 
      "path": "runfasthn/res/game/"
    }, 
    {
      "md5": "195434af8f9ddf9bbc5ccbfa07c87b67", 
      "name": "ddz_table_play_card_bg.png", 
      "path": "runfasthn/res/game/"
    }, 
    {
      "md5": "a5a60ff4788bfc17497b3a7247881049", 
      "name": "GameScene.csb", 
      "path": "runfasthn/res/game/"
    }, 
    {
      "md5": "4ac25f6d33b61f300dd107a9e68809c1", 
      "name": "num_multiple.png", 
      "path": "runfasthn/res/game/"
    }, 
    {
      "md5": "3bd4fa33a0258a884059a52933964429", 
      "name": "num_score.png", 
      "path": "runfasthn/res/game/"
    }, 
    {
      "md5": "fe8a57569e0018df67d6bb04146fd6d9", 
      "name": "num_time.png", 
      "path": "runfasthn/res/game/"
    }, 
    {
      "md5": "3f2c7693f54c5e680a8c273c880545c7", 
      "name": "PDKgameScene.csb", 
      "path": "runfasthn/res/game/"
    }, 
    {
      "md5": "af5b14c4f91dfd4a3e0e7647f2db2226", 
      "name": "Player.csb", 
      "path": "runfasthn/res/game/"
    }, 
    {
      "md5": "045cc7c91d1fc835ffbe257730afdeb1", 
      "name": "playLayer.csb", 
      "path": "runfasthn/res/game/"
    }, 
    {
      "md5": "8dafca9910f2fa96c60920865c0a06f9", 
      "name": "poker.plist", 
      "path": "runfasthn/res/game/"
    }, 
    {
      "md5": "519c64f2850ff6a0ecdb0c4d038075ce", 
      "name": "poker.png", 
      "path": "runfasthn/res/game/"
    }, 
    {
      "md5": "d88879c63f3d7aab8de40f8903e7547f", 
      "name": "sp_trusteeMan.png", 
      "path": "runfasthn/res/game/"
    }, 
    {
      "md5": "8b0fd14338183522b95d0fcc2f231e88", 
      "name": "bg_lose.png", 
      "path": "runfasthn/res/pdkres/"
    }, 
    {
      "md5": "5dc743e4e8611e06678fb0adfe2e331a", 
      "name": "bg_win.png", 
      "path": "runfasthn/res/pdkres/"
    }, 
    {
      "md5": "b101c029bab5189b1426e5713900a7b7", 
      "name": "landlord.jpg", 
      "path": "runfasthn/res/pdkres/"
    }, 
    {
      "md5": "5d4164d6f7d85b577795e165a9494402", 
      "name": "num_score.png", 
      "path": "runfasthn/res/pdkres/"
    }, 
    {
      "md5": "0aade86779559b4d9119052b8243bccb", 
      "name": "pdkPlist.plist", 
      "path": "runfasthn/res/pdkres/"
    }, 
    {
      "md5": "833b35897584002aac037f5a6f86bf7c", 
      "name": "pdkPlist.png", 
      "path": "runfasthn/res/pdkres/"
    }, 
    {
      "md5": "49d95ee9f9f15744fffb53e8987f37de", 
      "name": "result_bg.png", 
      "path": "runfasthn/res/pdkres/"
    }, 
    {
      "md5": "3faf73d60b5f09447a0846c5dc829a64", 
      "name": "zhuoz.png", 
      "path": "runfasthn/res/pdkres/"
    }, 
    {
      "md5": "6d06ca961da5cee33854a75acc3b3234", 
      "name": "num_loseScore.png", 
      "path": "runfasthn/res/result/"
    }, 
    {
      "md5": "3b3d1c95c61c478d2335fc5a50b6b549", 
      "name": "num_winScore.png", 
      "path": "runfasthn/res/result/"
    }, 
    {
      "md5": "48f11750d4cdf83259c4f0042462d96b", 
      "name": "ResultLayer.csb", 
      "path": "runfasthn/res/result/"
    }, 
    {
      "md5": "234d450f8753eab02a28531b2e165cba", 
      "name": "tag_win.png", 
      "path": "runfasthn/res/result/"
    }, 
    {
      "md5": "b98cf29752364e2893a1f7e684613b51", 
      "name": "roomlist_title.png", 
      "path": "runfasthn/res/roomlist/"
    }, 
    {
      "md5": "fa3eaa2961e1d5eec9082c47f63d41e2", 
      "name": "Rule.txt", 
      "path": "runfasthn/res/roomlist/"
    }, 
    {
      "md5": "18955c7c5d4f33068abfb8baf98794fa", 
      "name": "rule_pdk.png", 
      "path": "runfasthn/res/roomlist/"
    }, 
    {
      "md5": "305d43cf5b927a6df71b853eb3a970f8", 
      "name": "BACK_MUSIC.wav", 
      "path": "runfasthn/res/sound/"
    }, 
    {
      "md5": "ebbe99542bedcf07be50dbc921f1d3d7", 
      "name": "BACK_PLAYING.wav", 
      "path": "runfasthn/res/sound/"
    }, 
    {
      "md5": "8c0eb6c87a45525eca062428138a4d14", 
      "name": "Failure.mp3", 
      "path": "runfasthn/res/sound/"
    }, 
    {
      "md5": "9f73080c575ad208af1c31800d56f26b", 
      "name": "GAME_END.WAV", 
      "path": "runfasthn/res/sound/"
    }, 
    {
      "md5": "63931a127e1ffb60300bf1642197e41e", 
      "name": "GAME_LOST.wav", 
      "path": "runfasthn/res/sound/"
    }, 
    {
      "md5": "0c80e62b6c93f8e0fe9e6c23ad276661", 
      "name": "GAME_START.WAV", 
      "path": "runfasthn/res/sound/"
    }, 
    {
      "md5": "10aca0de9b6b86feb51208cddab2043a", 
      "name": "GAME_WARN.WAV", 
      "path": "runfasthn/res/sound/"
    }, 
    {
      "md5": "7cc28fda98235c75b8bf972c97badd5c", 
      "name": "GAME_WIN.wav", 
      "path": "runfasthn/res/sound/"
    }, 
    {
      "md5": "ddcab285232967509f796d0cc3b63283", 
      "name": "MOST_CARD.wav", 
      "path": "runfasthn/res/sound/"
    }, 
    {
      "md5": "b81338369ed5cacb23c17c83e4508773", 
      "name": "OUT_CARD.wav", 
      "path": "runfasthn/res/sound/"
    }, 
    {
      "md5": "938909e8a289b8cb1d42c5f5d2799645", 
      "name": "pdk_room_seawave.mp3", 
      "path": "runfasthn/res/sound/"
    }, 
    {
      "md5": "bd8f4279cce517cf4d90ecdc68abce01", 
      "name": "Playing_cards.mp3", 
      "path": "runfasthn/res/sound/"
    }, 
    {
      "md5": "49d294598c4a42e8271dfdab8abb6d14", 
      "name": "table_background_music.mp3", 
      "path": "runfasthn/res/sound/"
    }, 
    {
      "md5": "97a86740e7f8fd13950dd23d47c11ff4", 
      "name": "Victory.mp3", 
      "path": "runfasthn/res/sound/"
    }, 
    {
      "md5": "cd65265367881585309b9469c9945797", 
      "name": "BOMB_CARD.wav", 
      "path": "runfasthn/res/sound/BOY/"
    }, 
    {
      "md5": "08a7f6ed41e3c132291bcae0748c625d", 
      "name": "DOUBLE.wav", 
      "path": "runfasthn/res/sound/BOY/"
    }, 
    {
      "md5": "9d85f963d303961c7748937cddca60b9", 
      "name": "DOUBLE_1.wav", 
      "path": "runfasthn/res/sound/BOY/"
    }, 
    {
      "md5": "5a4cab97976bb64752953e30aa065421", 
      "name": "DOUBLE_10.wav", 
      "path": "runfasthn/res/sound/BOY/"
    }, 
    {
      "md5": "d169c8a8505455f5fbf80bcb9ae5336b", 
      "name": "DOUBLE_11.wav", 
      "path": "runfasthn/res/sound/BOY/"
    }, 
    {
      "md5": "6c8e32777520d594312ddf011fc234a5", 
      "name": "DOUBLE_12.wav", 
      "path": "runfasthn/res/sound/BOY/"
    }, 
    {
      "md5": "9eeac83e30a449b29841aa2e39fee2fd", 
      "name": "DOUBLE_13.wav", 
      "path": "runfasthn/res/sound/BOY/"
    }, 
    {
      "md5": "b8c3dd6d0db20243812cb5f7707e517d", 
      "name": "DOUBLE_2.wav", 
      "path": "runfasthn/res/sound/BOY/"
    }, 
    {
      "md5": "10577556e0767e0022a33c33beef0981", 
      "name": "DOUBLE_3.wav", 
      "path": "runfasthn/res/sound/BOY/"
    }, 
    {
      "md5": "5e916515f56ec654e3b834670bfa7b3b", 
      "name": "DOUBLE_4.wav", 
      "path": "runfasthn/res/sound/BOY/"
    }, 
    {
      "md5": "86cb42da69c1f77496fc9696d170bced", 
      "name": "DOUBLE_5.wav", 
      "path": "runfasthn/res/sound/BOY/"
    }, 
    {
      "md5": "67f7b445f1dc01049f33800746ebeaa8", 
      "name": "DOUBLE_6.wav", 
      "path": "runfasthn/res/sound/BOY/"
    }, 
    {
      "md5": "0c472ba39f68369d526622d38875091b", 
      "name": "DOUBLE_7.wav", 
      "path": "runfasthn/res/sound/BOY/"
    }, 
    {
      "md5": "fec7f1916fb6e823e622a82111be8764", 
      "name": "DOUBLE_8.wav", 
      "path": "runfasthn/res/sound/BOY/"
    }, 
    {
      "md5": "d19b2a83b10860adbbab9ae660797b92", 
      "name": "DOUBLE_9.wav", 
      "path": "runfasthn/res/sound/BOY/"
    }, 
    {
      "md5": "3f08791dede4f327c33d5f49796d4dde", 
      "name": "DOUBLE_LINE.wav", 
      "path": "runfasthn/res/sound/BOY/"
    }, 
    {
      "md5": "d5c2d7aa737ba110a62e8f87c3688813", 
      "name": "FOUR_TAKE_ONE.wav", 
      "path": "runfasthn/res/sound/BOY/"
    }, 
    {
      "md5": "d2af067262069273f23cdf5734840020", 
      "name": "FOUR_TAKE_TWO.wav", 
      "path": "runfasthn/res/sound/BOY/"
    }, 
    {
      "md5": "53cca1b2578b38d4bd14a580cb507d8c", 
      "name": "onlyOneCard_1.mp3", 
      "path": "runfasthn/res/sound/BOY/"
    }, 
    {
      "md5": "69d8d2fb9fa8f71d8ade9b8f699664fe", 
      "name": "onlyOneCard_2.mp3", 
      "path": "runfasthn/res/sound/BOY/"
    }, 
    {
      "md5": "dbd7aad644d016ed970bc651861d70af", 
      "name": "OUT_CARD.wav", 
      "path": "runfasthn/res/sound/BOY/"
    }, 
    {
      "md5": "bbc91b6da1efd4a7550d9376ce79a51b", 
      "name": "PASS_CARD.wav", 
      "path": "runfasthn/res/sound/BOY/"
    }, 
    {
      "md5": "81b9fa361511d3379db250b2031bfaf1", 
      "name": "SINGLE_1.wav", 
      "path": "runfasthn/res/sound/BOY/"
    }, 
    {
      "md5": "928fbdccb4dc1bff399bd5a42271ecbd", 
      "name": "SINGLE_10.wav", 
      "path": "runfasthn/res/sound/BOY/"
    }, 
    {
      "md5": "f3048cfba4ae4e0c472277f8f3b4b4a5", 
      "name": "SINGLE_11.wav", 
      "path": "runfasthn/res/sound/BOY/"
    }, 
    {
      "md5": "ea9640943c396c7fe56e476a56513bd9", 
      "name": "SINGLE_12.wav", 
      "path": "runfasthn/res/sound/BOY/"
    }, 
    {
      "md5": "d261712977e85d31c24e3cf6cb22f0a6", 
      "name": "SINGLE_13.wav", 
      "path": "runfasthn/res/sound/BOY/"
    }, 
    {
      "md5": "609863b14c2a499c7f244e76464ec810", 
      "name": "SINGLE_2.wav", 
      "path": "runfasthn/res/sound/BOY/"
    }, 
    {
      "md5": "1e2ef0ddcb18c570ae8460acabbccae3", 
      "name": "SINGLE_3.wav", 
      "path": "runfasthn/res/sound/BOY/"
    }, 
    {
      "md5": "95131298e9f3ab34e125892bbb25ff9e", 
      "name": "SINGLE_4.wav", 
      "path": "runfasthn/res/sound/BOY/"
    }, 
    {
      "md5": "9c2e603c7d72620357af8d8ecc45db7c", 
      "name": "SINGLE_5.wav", 
      "path": "runfasthn/res/sound/BOY/"
    }, 
    {
      "md5": "62ce2dd7af81fb88a818043787b5b835", 
      "name": "SINGLE_6.wav", 
      "path": "runfasthn/res/sound/BOY/"
    }, 
    {
      "md5": "14183ef4524e495aa3230c867e6f41ec", 
      "name": "SINGLE_7.wav", 
      "path": "runfasthn/res/sound/BOY/"
    }, 
    {
      "md5": "aef1c6600ae04c82ea032f87484433ab", 
      "name": "SINGLE_8.wav", 
      "path": "runfasthn/res/sound/BOY/"
    }, 
    {
      "md5": "e097e0e40b576c5c276a3522f5de19b1", 
      "name": "SINGLE_9.wav", 
      "path": "runfasthn/res/sound/BOY/"
    }, 
    {
      "md5": "bfcf021720e62b6e92cfeba5640d2744", 
      "name": "SINGLE_LINE.wav", 
      "path": "runfasthn/res/sound/BOY/"
    }, 
    {
      "md5": "0cdc7da43ba00a7ff648ab8e78d34808", 
      "name": "THREE.wav", 
      "path": "runfasthn/res/sound/BOY/"
    }, 
    {
      "md5": "68d7f750465e9b6d1d535849a219e699", 
      "name": "THREE_LINE.wav", 
      "path": "runfasthn/res/sound/BOY/"
    }, 
    {
      "md5": "5d9871179d43ea25f03b407ee6722846", 
      "name": "THREE_ONE_LINE.wav", 
      "path": "runfasthn/res/sound/BOY/"
    }, 
    {
      "md5": "0f3d7b3b6fa04615c09b966754f2a728", 
      "name": "THREE_TAKE_ONE.wav", 
      "path": "runfasthn/res/sound/BOY/"
    }, 
    {
      "md5": "68663bc2a83007c440f8a97bdf06a155", 
      "name": "THREE_TAKE_TWO.wav", 
      "path": "runfasthn/res/sound/BOY/"
    }, 
    {
      "md5": "a02359e3d90a5a12b430c63d38d5e363", 
      "name": "BOMB_CARD.wav", 
      "path": "runfasthn/res/sound/GIRL/"
    }, 
    {
      "md5": "a29523f99f34bece0bd7af9ee9bf14a6", 
      "name": "DOUBLE.wav", 
      "path": "runfasthn/res/sound/GIRL/"
    }, 
    {
      "md5": "a24d6b3184714e7fd81ec49a5e04783e", 
      "name": "DOUBLE_1.wav", 
      "path": "runfasthn/res/sound/GIRL/"
    }, 
    {
      "md5": "2755c63969ff3d8b92d9ee97d9f660c7", 
      "name": "DOUBLE_10.wav", 
      "path": "runfasthn/res/sound/GIRL/"
    }, 
    {
      "md5": "18c971883348c2ba473de76d8aa6804b", 
      "name": "DOUBLE_11.wav", 
      "path": "runfasthn/res/sound/GIRL/"
    }, 
    {
      "md5": "2d857341dbb829e7e274df56b535b91a", 
      "name": "DOUBLE_12.wav", 
      "path": "runfasthn/res/sound/GIRL/"
    }, 
    {
      "md5": "1d5e1215eb6f921da9212cc733b64fad", 
      "name": "DOUBLE_13.wav", 
      "path": "runfasthn/res/sound/GIRL/"
    }, 
    {
      "md5": "bb2d6a5595d2667fef1ac054e1027ad3", 
      "name": "DOUBLE_2.wav", 
      "path": "runfasthn/res/sound/GIRL/"
    }, 
    {
      "md5": "3fc8f43628db3e789c723d8a139e325a", 
      "name": "DOUBLE_3.wav", 
      "path": "runfasthn/res/sound/GIRL/"
    }, 
    {
      "md5": "fefaf84322945d65ac21c46dc0b07a0f", 
      "name": "DOUBLE_4.wav", 
      "path": "runfasthn/res/sound/GIRL/"
    }, 
    {
      "md5": "b56607408de5bf890a338561f2417904", 
      "name": "DOUBLE_5.wav", 
      "path": "runfasthn/res/sound/GIRL/"
    }, 
    {
      "md5": "062a66c348cf1c4b7f7d095ca11d3bf9", 
      "name": "DOUBLE_6.wav", 
      "path": "runfasthn/res/sound/GIRL/"
    }, 
    {
      "md5": "496951d85e2a97a03586a7c00f38cce6", 
      "name": "DOUBLE_7.wav", 
      "path": "runfasthn/res/sound/GIRL/"
    }, 
    {
      "md5": "9315d19f8cf5baa0bea8dc5d38b24989", 
      "name": "DOUBLE_8.wav", 
      "path": "runfasthn/res/sound/GIRL/"
    }, 
    {
      "md5": "6db1b30f1063f74698c5ce7f9e1ea569", 
      "name": "DOUBLE_9.wav", 
      "path": "runfasthn/res/sound/GIRL/"
    }, 
    {
      "md5": "08bc1a6315c9c3578d213166d179988c", 
      "name": "DOUBLE_LINE.wav", 
      "path": "runfasthn/res/sound/GIRL/"
    }, 
    {
      "md5": "05dad67c30d9a95aaf6a9976dd4fb48b", 
      "name": "FOUR_TAKE_ONE.wav", 
      "path": "runfasthn/res/sound/GIRL/"
    }, 
    {
      "md5": "f6d7a3a169f2996f7e82863c361b04da", 
      "name": "FOUR_TAKE_TWO.wav", 
      "path": "runfasthn/res/sound/GIRL/"
    }, 
    {
      "md5": "e98c3dabc88b0bc76fb576d2b6cdc310", 
      "name": "onlyOneCard_1.mp3", 
      "path": "runfasthn/res/sound/GIRL/"
    }, 
    {
      "md5": "795be278973c554a17c0d5e3b4675a5b", 
      "name": "onlyOneCard_2.mp3", 
      "path": "runfasthn/res/sound/GIRL/"
    }, 
    {
      "md5": "64a10ae6f8bc539eb4de2eb6d9d0642e", 
      "name": "OUT_CARD.wav", 
      "path": "runfasthn/res/sound/GIRL/"
    }, 
    {
      "md5": "99f1b0b8864b35e06f677d4e55e4a32c", 
      "name": "PASS_CARD.wav", 
      "path": "runfasthn/res/sound/GIRL/"
    }, 
    {
      "md5": "0982c80aad3d9a73a5a9e9c2dc053246", 
      "name": "SINGLE_1.wav", 
      "path": "runfasthn/res/sound/GIRL/"
    }, 
    {
      "md5": "a6bcc6b80fce4ed8a730a0e128018edf", 
      "name": "SINGLE_10.wav", 
      "path": "runfasthn/res/sound/GIRL/"
    }, 
    {
      "md5": "41fb6df6863b233c513ffff5e8018a41", 
      "name": "SINGLE_11.wav", 
      "path": "runfasthn/res/sound/GIRL/"
    }, 
    {
      "md5": "d04d30b827b9df15764cee5f4c1d37a7", 
      "name": "SINGLE_12.wav", 
      "path": "runfasthn/res/sound/GIRL/"
    }, 
    {
      "md5": "379ac094d3a615be81ec467751f02990", 
      "name": "SINGLE_13.wav", 
      "path": "runfasthn/res/sound/GIRL/"
    }, 
    {
      "md5": "1e0b62c37c89206d453fb9fa66bbde5f", 
      "name": "SINGLE_2.wav", 
      "path": "runfasthn/res/sound/GIRL/"
    }, 
    {
      "md5": "18687da666e99876bfe54a65aeef9943", 
      "name": "SINGLE_3.wav", 
      "path": "runfasthn/res/sound/GIRL/"
    }, 
    {
      "md5": "dad4adc645c525e505e10e3e9a1a7601", 
      "name": "SINGLE_4.wav", 
      "path": "runfasthn/res/sound/GIRL/"
    }, 
    {
      "md5": "5b67ad5ff434fa800e7fbe1f5448d8b9", 
      "name": "SINGLE_5.wav", 
      "path": "runfasthn/res/sound/GIRL/"
    }, 
    {
      "md5": "f0350b1acce19f11417d8226d438e6e6", 
      "name": "SINGLE_6.wav", 
      "path": "runfasthn/res/sound/GIRL/"
    }, 
    {
      "md5": "70c36e70c4b94fb1ac3fd79e8278ac66", 
      "name": "SINGLE_7.wav", 
      "path": "runfasthn/res/sound/GIRL/"
    }, 
    {
      "md5": "a99dac7b99e7628a196963e3879c49cf", 
      "name": "SINGLE_8.wav", 
      "path": "runfasthn/res/sound/GIRL/"
    }, 
    {
      "md5": "7cc74972acb0a5eb28d0aea823bf3e99", 
      "name": "SINGLE_9.wav", 
      "path": "runfasthn/res/sound/GIRL/"
    }, 
    {
      "md5": "24ae5e56c3fd4e572e7579458c1dd8ef", 
      "name": "SINGLE_LINE.wav", 
      "path": "runfasthn/res/sound/GIRL/"
    }, 
    {
      "md5": "f05191c8bad01705c286a8ccebcdfded", 
      "name": "THREE.wav", 
      "path": "runfasthn/res/sound/GIRL/"
    }, 
    {
      "md5": "0bff6f4f9d71b13c23005392fd33473d", 
      "name": "THREE_LINE.wav", 
      "path": "runfasthn/res/sound/GIRL/"
    }, 
    {
      "md5": "d8aa5fa183018715cb6a6b479bfb7136", 
      "name": "THREE_ONE_LINE.wav", 
      "path": "runfasthn/res/sound/GIRL/"
    }, 
    {
      "md5": "4eaffc860804695504f18c443dad9bfe", 
      "name": "THREE_TAKE_ONE.wav", 
      "path": "runfasthn/res/sound/GIRL/"
    }, 
    {
      "md5": "3da5574ac08e347bd9fdf6980c751cc6", 
      "name": "THREE_TAKE_TWO.wav", 
      "path": "runfasthn/res/sound/GIRL/"
    }, 
    {
      "md5": "4cddc12ceb7751835507470941aede17", 
      "name": "CMD_Game.luac", 
      "path": "runfasthn/src/models/"
    }, 
    {
      "md5": "23c3fde74fac0668ae0c6340f62eccf3", 
      "name": "GameLogic.luac", 
      "path": "runfasthn/src/models/"
    }, 
    {
      "md5": "ffa7e3b0613755147770af5c0a0520fa", 
      "name": "GameLayer.luac", 
      "path": "runfasthn/src/views/"
    }, 
    {
      "md5": "6fea047a3ab168307dce11ef258cf197", 
      "name": "GameRoomLayer.luac", 
      "path": "runfasthn/src/views/"
    }, 
    {
      "md5": "bba53b87271dd7f39a7547f41b139628", 
      "name": "GameRoomListLayer.luac", 
      "path": "runfasthn/src/views/"
    }, 
    {
      "md5": "662e4d2cf00fa9ed396afd9d765fe32c", 
      "name": "GameViewLayer.luac", 
      "path": "runfasthn/src/views/layer/"
    }, 
    {
      "md5": "3399cf5d70462b93da411556003e3123", 
      "name": "HandCardLayer.luac", 
      "path": "runfasthn/src/views/layer/"
    }, 
    {
      "md5": "45960a50587b19c3fb6c15f42b23ce00", 
      "name": "ResultLayer.luac", 
      "path": "runfasthn/src/views/layer/"
    }, 
    {
      "md5": "3d384a40d3f88476a91dd9667d96289f", 
      "name": "CardsNode.luac", 
      "path": "runfasthn/src/views/layer/gamecard/"
    }, 
    {
      "md5": "6dad88f7a78bdbf2e35f9d5ebd198803", 
      "name": "CardSprite.luac", 
      "path": "runfasthn/src/views/layer/gamecard/"
    }, 
    {
      "allcount": 142
    }
  ]
}