{
"skeleton": { "hash": "O5Vbtnl1xF26pvyCtRt4Rdsxsyo", "spine": "2.1.27", "width": 313.56, "height": 313.56, "images": "./image/" },
"bones": [
	{ "name": "root" },
	{ "name": "poker", "parent": "root", "x": -2.44, "y": -77.61, "color": "299b26ff" },
	{ "name": "poker_L1", "parent": "poker", "length": 15.54, "x": -40.34, "y": 137.18, "color": "9c5f3fff" },
	{ "name": "poker_L2", "parent": "poker", "length": 15.54, "x": 28.53, "y": 138.02, "color": "9c5f3fff" },
	{ "name": "poker_L3", "parent": "poker", "length": 15.54, "x": -15.29, "y": 94.56, "color": "9c5f3fff" },
	{ "name": "poker_body", "parent": "poker", "length": 70.09, "x": 2.69, "y": 46.41, "color": "299b26ff" },
	{ "name": "poker_btn_L3", "parent": "poker", "length": 44.95, "x": 1.84, "y": 77.79, "color": "9c0e1aff" },
	{ "name": "poker_eye", "parent": "poker_body", "length": 16.37, "x": -26.37, "y": 35.66, "rotation": 90, "color": "299b26ff" },
	{
		"name": "poker_head_light",
		"parent": "poker_body",
		"length": 20.74,
		"x": -29.45,
		"y": 66.45,
		"rotation": 90.45,
		"color": "299b26ff"
	}
],
"slots": [
	{ "name": "poker_btn_L", "bone": "poker", "color": "ffffff61", "attachment": "btn_L", "blend": "additive" },
	{ "name": "poker_btn_L2", "bone": "poker", "color": "ffffff61", "attachment": "btn_L", "blend": "additive" },
	{ "name": "poker_btn04", "bone": "poker", "attachment": "btn04" },
	{ "name": "btn_L5", "bone": "poker_btn_L3", "color": "ffffff24", "attachment": "btn_L2", "blend": "additive" },
	{ "name": "poker_body", "bone": "poker_body", "attachment": "poker_body" },
	{ "name": "poker_eye", "bone": "poker_eye", "attachment": "poker_eye" },
	{ "name": "poker_head", "bone": "poker_body", "attachment": "poker_head" },
	{
		"name": "poker_head_L/poker_head_L_00",
		"bone": "poker_body",
		"color": "ffe09fff",
		"attachment": "poker_head_L/poker_head_L_00",
		"blend": "additive"
	},
	{ "name": "L7", "bone": "poker_L1", "color": "ffffff38", "attachment": "L", "blend": "additive" },
	{ "name": "L8", "bone": "poker_L2", "color": "fcfffeda", "attachment": "L", "blend": "additive" },
	{ "name": "L9", "bone": "poker_L3", "color": "fffbd2db", "attachment": "L", "blend": "additive" },
	{ "name": "txt_", "bone": "poker", "attachment": "txt_" },
	{ "name": "poker_txt", "bone": "poker", "attachment": "poker_txt" },
	{ "name": "poker_btn03", "bone": "poker", "attachment": "btn03" },
	{ "name": "poker_head_1", "bone": "poker_head_light", "color": "ffffff00", "attachment": "poker_head_1", "blend": "additive" }
],
"skins": {
	"default": {
		"L7": {
			"L": { "x": 0.05, "y": 0.46, "width": 24, "height": 26 }
		},
		"L8": {
			"L": { "x": 0.05, "y": 0.46, "width": 24, "height": 26 }
		},
		"L9": {
			"L": { "x": 0.05, "y": 0.46, "width": 24, "height": 26 }
		},
		"btn_L5": {
			"btn_L2": { "scaleX": 2, "scaleY": 2, "rotation": -150.43, "width": 115, "height": 115 }
		},
		"poker_body": {
			"poker_body": { "x": 0.28, "y": 12.42, "width": 134, "height": 108 }
		},
		"poker_btn03": {
			"btn03": { "x": 3.01, "y": 27.09, "width": 159, "height": 14 }
		},
		"poker_btn04": {
			"btn04": { "x": 2.51, "y": 76.99, "width": 164, "height": 165 }
		},
		"poker_btn_L": {
			"btn_L": { "x": 2.51, "y": 78.87, "scaleX": 1.4, "scaleY": 1.4, "width": 165, "height": 165 }
		},
		"poker_btn_L2": {
			"btn_L": { "x": 2.51, "y": 78.87, "scaleX": 1.4, "scaleY": 1.4, "width": 165, "height": 165 }
		},
		"poker_eye": {
			"poker_eye": { "x": -0.61, "y": -3.46, "rotation": -90, "width": 50, "height": 21 }
		},
		"poker_head": {
			"poker_head": { "x": 2.57, "y": 75.24, "width": 153, "height": 68 }
		},
		"poker_head_1": {
			"poker_head_1": { "x": 10.12, "y": -1.92, "rotation": -90.45, "width": 26, "height": 25 }
		},
		"poker_head_L/poker_head_L_00": {
			"poker_head_L/poker_head_L_00": { "x": 2.58, "y": 75.24, "width": 153, "height": 68 },
			"poker_head_L/poker_head_L_0": { "path": "poker_head_L/poker_head_L_01", "x": 2.58, "y": 75.24, "width": 153, "height": 68 },
			"poker_head_L/poker_head_L_1": { "path": "poker_head_L/poker_head_L_02", "x": 2.58, "y": 75.24, "width": 153, "height": 68 },
			"poker_head_L/poker_head_L_2": { "path": "poker_head_L/poker_head_L_03", "x": 2.58, "y": 75.24, "width": 153, "height": 68 },
			"poker_head_L/poker_head_L_3": { "path": "poker_head_L/poker_head_L_04", "x": 2.58, "y": 75.24, "width": 153, "height": 68 },
			"poker_head_L/poker_head_L_4": { "path": "poker_head_L/poker_head_L_05", "x": 2.58, "y": 75.24, "width": 153, "height": 68 },
			"poker_head_L/poker_head_L_5": { "path": "poker_head_L/poker_head_L_06", "x": 2.58, "y": 75.24, "width": 153, "height": 68 },
			"poker_head_L/poker_head_L_6": { "path": "poker_head_L/poker_head_L_07", "x": 2.58, "y": 75.24, "width": 153, "height": 68 },
			"poker_head_L/poker_head_L_7": { "path": "poker_head_L/poker_head_L_08", "x": 2.58, "y": 75.24, "width": 153, "height": 68 },
			"poker_head_L/poker_head_L_8": { "path": "poker_head_L/poker_head_L_09", "x": 2.58, "y": 75.24, "width": 153, "height": 68 },
			"poker_head_L/poker_head_L_9": { "path": "poker_head_L/poker_head_L_10", "x": 2.58, "y": 75.24, "width": 153, "height": 68 },
			"poker_head_L/poker_head_L_10": { "path": "poker_head_L/poker_head_L_11", "x": 2.58, "y": 75.24, "width": 153, "height": 68 },
			"poker_head_L/poker_head_L_11": { "path": "poker_head_L/poker_head_L_12", "x": 2.58, "y": 75.24, "width": 153, "height": 68 },
			"poker_head_L/poker_head_L_12": { "path": "poker_head_L/poker_head_L_13", "x": 2.58, "y": 75.24, "width": 153, "height": 68 },
			"poker_head_L/poker_head_L_13": { "path": "poker_head_L/poker_head_L_14", "x": 2.58, "y": 75.24, "width": 153, "height": 68 }
		},
		"poker_txt": {
			"poker_txt": { "x": 7.03, "y": 1.42, "width": 128, "height": 37 }
		},
		"txt_": {
			"txt_": { "x": 25.33, "y": -2.57, "width": 196, "height": 47 }
		}
	}
},
"animations": {
	"animation": {
		"slots": {
			"L7": {
				"attachment": [
					{ "time": 0, "name": "L" }
				],
				"color": [
					{ "time": 0, "color": "ffffff00", "curve": "stepped" },
					{ "time": 2.1666, "color": "ffffff00" },
					{ "time": 2.3333, "color": "ffffff9f" },
					{ "time": 2.5, "color": "ffffff00" }
				]
			},
			"L8": {
				"attachment": [
					{ "time": 0, "name": "L" }
				],
				"color": [
					{ "time": 0, "color": "fffbd200", "curve": "stepped" },
					{
						"time": 2.3333,
						"color": "fffbd200",
						"curve": [ 0.25, 0, 0.75, 1 ]
					},
					{ "time": 2.5, "color": "fffefdc9" },
					{ "time": 2.6666, "color": "fffbd200" }
				]
			},
			"L9": {
				"attachment": [
					{ "time": 0, "name": "L" }
				],
				"color": [
					{ "time": 0, "color": "fffbd200" }
				]
			},
			"btn_L5": {
				"attachment": [
					{ "time": 0, "name": "btn_L2" }
				]
			},
			"poker_body": {
				"attachment": [
					{ "time": 0, "name": "poker_body" }
				]
			},
			"poker_btn03": {
				"attachment": [
					{ "time": 0, "name": "btn03" }
				]
			},
			"poker_btn04": {
				"attachment": [
					{ "time": 0, "name": "btn04" }
				]
			},
			"poker_btn_L": {
				"attachment": [
					{ "time": 0, "name": "btn_L" }
				]
			},
			"poker_btn_L2": {
				"attachment": [
					{ "time": 0, "name": "btn_L" }
				]
			},
			"poker_eye": {
				"attachment": [
					{ "time": 0, "name": "poker_eye" }
				]
			},
			"poker_head": {
				"attachment": [
					{ "time": 0, "name": "poker_head" }
				]
			},
			"poker_head_1": {
				"attachment": [
					{ "time": 0, "name": "poker_head_1" }
				],
				"color": [
					{ "time": 3, "color": "ffffff00" },
					{ "time": 3.2666, "color": "ffffff8b" },
					{ "time": 3.5, "color": "ffffff00" }
				]
			},
			"poker_head_L/poker_head_L_00": {
				"attachment": [
					{ "time": 0, "name": null },
					{ "time": 1.5, "name": "poker_head_L/poker_head_L_00" },
					{ "time": 1.5666, "name": "poker_head_L/poker_head_L_0" },
					{ "time": 1.6333, "name": "poker_head_L/poker_head_L_1" },
					{ "time": 1.7, "name": "poker_head_L/poker_head_L_2" },
					{ "time": 1.7666, "name": "poker_head_L/poker_head_L_3" },
					{ "time": 1.8333, "name": "poker_head_L/poker_head_L_4" },
					{ "time": 1.9, "name": "poker_head_L/poker_head_L_5" },
					{ "time": 1.9666, "name": "poker_head_L/poker_head_L_6" },
					{ "time": 2.0333, "name": "poker_head_L/poker_head_L_7" },
					{ "time": 2.1, "name": "poker_head_L/poker_head_L_8" },
					{ "time": 2.1666, "name": "poker_head_L/poker_head_L_9" },
					{ "time": 2.2333, "name": "poker_head_L/poker_head_L_10" },
					{ "time": 2.3, "name": "poker_head_L/poker_head_L_11" },
					{ "time": 2.3666, "name": "poker_head_L/poker_head_L_12" },
					{ "time": 2.4333, "name": "poker_head_L/poker_head_L_13" }
				],
				"color": [
					{ "time": 0, "color": "ffe09f00", "curve": "stepped" },
					{ "time": 1.5, "color": "ffe09f00" },
					{ "time": 2, "color": "ffe09f7b" },
					{ "time": 2.4333, "color": "ffe09f00" }
				]
			},
			"poker_txt": {
				"attachment": [
					{ "time": 0, "name": "poker_txt" }
				]
			}
		},
		"bones": {
			"root": {
				"rotate": [
					{ "time": 0, "angle": 0 }
				],
				"translate": [
					{ "time": 0, "x": 0, "y": 0 }
				],
				"scale": [
					{ "time": 0, "x": 1, "y": 1 }
				]
			},
			"poker_btn_L3": {
				"rotate": [
					{ "time": 0, "angle": 0 },
					{ "time": 1.3333, "angle": 120 },
					{ "time": 2.6666, "angle": 240 },
					{ "time": 4, "angle": 0 }
				],
				"translate": [
					{ "time": 0, "x": 0, "y": 0 }
				],
				"scale": [
					{ "time": 0, "x": 1, "y": 1 }
				]
			},
			"poker_L1": {
				"rotate": [
					{ "time": 0, "angle": 0, "curve": "stepped" },
					{ "time": 2.1666, "angle": 0 },
					{ "time": 2.5, "angle": -61.49 }
				],
				"translate": [
					{ "time": 0, "x": 0, "y": 0, "curve": "stepped" },
					{ "time": 2.1666, "x": 0, "y": 0 }
				],
				"scale": [
					{ "time": 0, "x": 0.5, "y": 0.5, "curve": "stepped" },
					{ "time": 2.1666, "x": 0.5, "y": 0.5 }
				]
			},
			"poker_L2": {
				"rotate": [
					{ "time": 0, "angle": 0, "curve": "stepped" },
					{
						"time": 2.3333,
						"angle": 0,
						"curve": [ 0.25, 0, 0.75, 1 ]
					},
					{ "time": 2.6666, "angle": 106.63 }
				],
				"translate": [
					{ "time": 0, "x": 10.62, "y": 0, "curve": "stepped" },
					{
						"time": 2.3333,
						"x": 10.62,
						"y": 0,
						"curve": [ 0.25, 0, 0.75, 1 ]
					},
					{ "time": 2.6666, "x": 6.66, "y": 6.66 }
				],
				"scale": [
					{ "time": 0, "x": 0.7, "y": 0.7, "curve": "stepped" },
					{ "time": 2.3333, "x": 0.7, "y": 0.7 }
				]
			},
			"poker_L3": {
				"rotate": [
					{ "time": 0, "angle": 0 }
				],
				"translate": [
					{ "time": 0, "x": 44.95, "y": 0 }
				],
				"scale": [
					{ "time": 0, "x": 1, "y": 1 }
				]
			},
			"poker_body": {
				"rotate": [
					{
						"time": 0,
						"angle": 0,
						"curve": [ 0.25, 0, 0.75, 1 ]
					},
					{
						"time": 2,
						"angle": -1.21,
						"curve": [ 0.25, 0, 0.75, 1 ]
					},
					{ "time": 4, "angle": 0 }
				],
				"translate": [
					{ "time": 0, "x": 0, "y": 0, "curve": "stepped" },
					{ "time": 4, "x": 0, "y": 0 }
				],
				"scale": [
					{ "time": 0, "x": 1, "y": 1, "curve": "stepped" },
					{ "time": 4, "x": 1, "y": 1 }
				]
			},
			"poker_head_light": {
				"rotate": [
					{ "time": 0, "angle": 0, "curve": "stepped" },
					{ "time": 3, "angle": 0, "curve": "stepped" },
					{ "time": 3.5, "angle": 0 }
				],
				"translate": [
					{ "time": 0, "x": 0, "y": 0, "curve": "stepped" },
					{ "time": 3, "x": 0, "y": 0, "curve": "stepped" },
					{ "time": 3.5, "x": 0, "y": 0 }
				],
				"scale": [
					{ "time": 0, "x": 1, "y": 1, "curve": "stepped" },
					{ "time": 3, "x": 1, "y": 1 },
					{ "time": 3.5, "x": 1.3, "y": 1.3 }
				]
			},
			"poker_eye": {
				"rotate": [
					{ "time": 0, "angle": 0, "curve": "stepped" },
					{ "time": 2.7, "angle": 0, "curve": "stepped" },
					{ "time": 3, "angle": 0, "curve": "stepped" },
					{ "time": 4, "angle": 0 }
				],
				"translate": [
					{ "time": 0, "x": 0, "y": 0, "curve": "stepped" },
					{ "time": 2.7, "x": 0, "y": 0, "curve": "stepped" },
					{ "time": 3, "x": 0, "y": 0, "curve": "stepped" },
					{ "time": 4, "x": 0, "y": 0 }
				],
				"scale": [
					{ "time": 0, "x": 1, "y": 1, "curve": "stepped" },
					{
						"time": 2.7,
						"x": 1,
						"y": 1,
						"curve": [ 0.25, 0, 0.75, 1 ]
					},
					{
						"time": 2.7666,
						"x": 0.234,
						"y": 1,
						"curve": [ 0.25, 0, 0.75, 1 ]
					},
					{
						"time": 2.8333,
						"x": 0.043,
						"y": 1,
						"curve": [ 0.25, 0, 0.75, 1 ]
					},
					{
						"time": 2.9333,
						"x": 0.808,
						"y": 1,
						"curve": [ 0.25, 0, 0.75, 1 ]
					},
					{ "time": 3, "x": 1, "y": 1, "curve": "stepped" },
					{ "time": 4, "x": 1, "y": 1 }
				]
			}
		},
		"drawOrder": [
			{ "time": 0 }
		]
	}
}
}