{"skeleton":{"hash":"ecjo56xg/QAkHftBgewY1eTnVIU","spine":"3.6.38","width":0,"height":0,"images":"./images/"},"bones":[{"name":"root"},{"name":"juese","parent":"root"},{"name":"bone","parent":"juese","rotation":90,"y":85.1},{"name":"yizi","parent":"juese","length":194.9,"rotation":90},{"name":"bone2","parent":"yizi","x":172.94,"y":-3.66},{"name":"bone3","parent":"juese","length":60,"rotation":90,"y":80.29}],"slots":[{"name":"cj_guang","bone":"bone2","blend":"additive"},{"name":"cj_yizi","bone":"yizi"},{"name":"cj_dianzi","bone":"bone"},{"name":"cj_wa10","bone":"bone3"}],"skins":{"default":{"cj_dianzi":{"cj_dianzi":{"rotation":-90,"width":203,"height":59}},"cj_guang":{"cj_guang":{"scaleX":2,"scaleY":2,"rotation":-90,"width":190,"height":210}},"cj_wa10":{"cj_wa10":{"x":77.23,"rotation":-90,"width":158,"height":155},"cj_wa11":{"x":77.23,"rotation":-90,"width":158,"height":155},"cj_wa20":{"x":91.73,"rotation":-90,"width":176,"height":182},"cj_wa21":{"x":91.73,"rotation":-90,"width":176,"height":182},"cj_wa30":{"x":78.78,"rotation":-90,"width":166,"height":156},"cj_wa31":{"x":78.78,"rotation":-90,"width":166,"height":156},"cj_wa40":{"x":85,"rotation":-90,"width":153,"height":168},"cj_wa41":{"x":85,"rotation":-90,"width":153,"height":168}},"cj_yizi":{"cj_yizi":{"x":159.21,"rotation":-90,"width":252,"height":361}}}},"animations":{"wa1_1":{"slots":{"cj_dianzi":{"attachment":[{"time":0.1667,"name":"cj_dianzi"}]},"cj_guang":{"attachment":[{"time":0,"name":null}]},"cj_wa10":{"attachment":[{"time":0.3,"name":"cj_wa10"}]},"cj_yizi":{"attachment":[{"time":0,"name":"cj_yizi"}]}},"bones":{"yizi":{"rotate":[{"time":0,"angle":0,"curve":"stepped"},{"time":0.3333,"angle":0}],"translate":[{"time":0,"x":0,"y":0,"curve":"stepped"},{"time":0.3333,"x":0,"y":0}],"scale":[{"time":0,"x":0.2,"y":0.2},{"time":0.1667,"x":1.2,"y":0.6},{"time":0.3333,"x":1,"y":1}]},"bone":{"rotate":[{"time":0.1667,"angle":0},{"time":0.3,"angle":23.71},{"time":0.4333,"angle":0,"curve":"stepped"},{"time":0.5333,"angle":0,"curve":"stepped"},{"time":0.6333,"angle":0}],"translate":[{"time":0.1667,"x":0,"y":71.81},{"time":0.3,"x":0,"y":155.54},{"time":0.4333,"x":0,"y":0},{"time":0.5333,"x":0,"y":0.99},{"time":0.6333,"x":0,"y":0}],"scale":[{"time":0.1667,"x":0.5,"y":0.5},{"time":0.3,"x":1.2,"y":1.2},{"time":0.4333,"x":1,"y":1,"curve":"stepped"},{"time":0.5333,"x":1,"y":1,"curve":"stepped"},{"time":0.6333,"x":1,"y":1}]},"bone3":{"rotate":[{"time":0.3,"angle":0},{"time":0.5,"angle":8.55},{"time":0.6333,"angle":0},{"time":0.7333,"angle":-1.54},{"time":0.8333,"angle":0}],"translate":[{"time":0.3,"x":0,"y":218.74},{"time":0.5,"x":0,"y":0,"curve":"stepped"},{"time":0.6333,"x":0,"y":0,"curve":"stepped"},{"time":0.7333,"x":0,"y":0,"curve":"stepped"},{"time":0.8333,"x":0,"y":0}],"scale":[{"time":0.3,"x":0.6,"y":0.6},{"time":0.5,"x":1,"y":1,"curve":"stepped"},{"time":0.6333,"x":1,"y":1,"curve":"stepped"},{"time":0.7333,"x":1,"y":1,"curve":"stepped"},{"time":0.8333,"x":1,"y":1}]}}},"wa1_2":{"slots":{"cj_dianzi":{"attachment":[{"time":0,"name":"cj_dianzi"}]},"cj_wa10":{"attachment":[{"time":0,"name":"cj_wa10"},{"time":0.0333,"name":"cj_wa11"},{"time":0.2667,"name":"cj_wa10"},{"time":2,"name":"cj_wa10"}]},"cj_yizi":{"attachment":[{"time":0,"name":"cj_yizi"}]}}},"wa1_3":{"slots":{"cj_dianzi":{"attachment":[{"time":0,"name":"cj_dianzi"}]},"cj_guang":{"color":[{"time":0,"color":"fffffffe"},{"time":1,"color":"ffffff78"},{"time":2,"color":"fffffffe"}],"attachment":[{"time":0,"name":"cj_guang"}]},"cj_wa10":{"attachment":[{"time":0,"name":"cj_wa10"},{"time":0.0333,"name":"cj_wa11"},{"time":0.2667,"name":"cj_wa10"},{"time":2,"name":"cj_wa10"}]},"cj_yizi":{"attachment":[{"time":0,"name":"cj_yizi"}]}}},"wa2_1":{"slots":{"cj_dianzi":{"attachment":[{"time":0.1667,"name":"cj_dianzi"}]},"cj_guang":{"attachment":[{"time":0,"name":null}]},"cj_wa10":{"attachment":[{"time":0.3,"name":"cj_wa30"}]},"cj_yizi":{"attachment":[{"time":0,"name":"cj_yizi"}]}},"bones":{"yizi":{"rotate":[{"time":0,"angle":0,"curve":"stepped"},{"time":0.3333,"angle":0}],"translate":[{"time":0,"x":0,"y":0,"curve":"stepped"},{"time":0.3333,"x":0,"y":0}],"scale":[{"time":0,"x":0.2,"y":0.2},{"time":0.1667,"x":1.2,"y":0.6},{"time":0.3333,"x":1,"y":1}]},"bone":{"rotate":[{"time":0.1667,"angle":0},{"time":0.3,"angle":23.71},{"time":0.4333,"angle":0,"curve":"stepped"},{"time":0.5333,"angle":0,"curve":"stepped"},{"time":0.6333,"angle":0}],"translate":[{"time":0.1667,"x":0,"y":71.81},{"time":0.3,"x":0,"y":155.54},{"time":0.4333,"x":0,"y":0},{"time":0.5333,"x":0,"y":0.99},{"time":0.6333,"x":0,"y":0}],"scale":[{"time":0.1667,"x":0.5,"y":0.5},{"time":0.3,"x":1.2,"y":1.2},{"time":0.4333,"x":1,"y":1,"curve":"stepped"},{"time":0.5333,"x":1,"y":1,"curve":"stepped"},{"time":0.6333,"x":1,"y":1}]},"bone3":{"rotate":[{"time":0.3,"angle":0},{"time":0.5,"angle":8.55},{"time":0.6333,"angle":0},{"time":0.7333,"angle":-1.54},{"time":0.8333,"angle":0}],"translate":[{"time":0.3,"x":0,"y":218.74},{"time":0.5,"x":0,"y":0,"curve":"stepped"},{"time":0.6333,"x":0,"y":0,"curve":"stepped"},{"time":0.7333,"x":0,"y":0,"curve":"stepped"},{"time":0.8333,"x":0,"y":0}],"scale":[{"time":0.3,"x":0.6,"y":0.6},{"time":0.5,"x":1,"y":1,"curve":"stepped"},{"time":0.6333,"x":1,"y":1,"curve":"stepped"},{"time":0.7333,"x":1,"y":1,"curve":"stepped"},{"time":0.8333,"x":1,"y":1}]}}},"wa2_2":{"slots":{"cj_dianzi":{"attachment":[{"time":0,"name":"cj_dianzi"}]},"cj_wa10":{"attachment":[{"time":0,"name":"cj_wa30"},{"time":0.0333,"name":"cj_wa31"},{"time":0.2667,"name":"cj_wa30"},{"time":2,"name":"cj_wa30"}]},"cj_yizi":{"attachment":[{"time":0,"name":"cj_yizi"}]}}},"wa2_3":{"slots":{"cj_dianzi":{"attachment":[{"time":0,"name":"cj_dianzi"}]},"cj_guang":{"color":[{"time":0,"color":"fffffffe"},{"time":1,"color":"ffffff78"},{"time":2,"color":"fffffffe"}],"attachment":[{"time":0,"name":"cj_guang"}]},"cj_wa10":{"attachment":[{"time":0,"name":"cj_wa30"},{"time":0.0333,"name":"cj_wa31"},{"time":0.2667,"name":"cj_wa30"},{"time":2,"name":"cj_wa30"}]},"cj_yizi":{"attachment":[{"time":0,"name":"cj_yizi"}]}}},"wa3_1":{"slots":{"cj_dianzi":{"attachment":[{"time":0.1667,"name":"cj_dianzi"}]},"cj_guang":{"attachment":[{"time":0,"name":null}]},"cj_wa10":{"attachment":[{"time":0.3,"name":"cj_wa40"}]},"cj_yizi":{"attachment":[{"time":0,"name":"cj_yizi"}]}},"bones":{"yizi":{"rotate":[{"time":0,"angle":0,"curve":"stepped"},{"time":0.3333,"angle":0}],"translate":[{"time":0,"x":0,"y":0,"curve":"stepped"},{"time":0.3333,"x":0,"y":0}],"scale":[{"time":0,"x":0.2,"y":0.2},{"time":0.1667,"x":1.2,"y":0.6},{"time":0.3333,"x":1,"y":1}]},"bone":{"rotate":[{"time":0.1667,"angle":0},{"time":0.3,"angle":23.71},{"time":0.4333,"angle":0,"curve":"stepped"},{"time":0.5333,"angle":0,"curve":"stepped"},{"time":0.6333,"angle":0}],"translate":[{"time":0.1667,"x":0,"y":71.81},{"time":0.3,"x":0,"y":155.54},{"time":0.4333,"x":0,"y":0},{"time":0.5333,"x":0,"y":0.99},{"time":0.6333,"x":0,"y":0}],"scale":[{"time":0.1667,"x":0.5,"y":0.5},{"time":0.3,"x":1.2,"y":1.2},{"time":0.4333,"x":1,"y":1,"curve":"stepped"},{"time":0.5333,"x":1,"y":1,"curve":"stepped"},{"time":0.6333,"x":1,"y":1}]},"bone3":{"rotate":[{"time":0.3,"angle":0},{"time":0.5,"angle":8.55},{"time":0.6333,"angle":0},{"time":0.7333,"angle":-1.54},{"time":0.8333,"angle":0}],"translate":[{"time":0.3,"x":0,"y":218.74},{"time":0.5,"x":0,"y":0,"curve":"stepped"},{"time":0.6333,"x":0,"y":0,"curve":"stepped"},{"time":0.7333,"x":0,"y":0,"curve":"stepped"},{"time":0.8333,"x":0,"y":0}],"scale":[{"time":0.3,"x":0.6,"y":0.6},{"time":0.5,"x":1,"y":1,"curve":"stepped"},{"time":0.6333,"x":1,"y":1,"curve":"stepped"},{"time":0.7333,"x":1,"y":1,"curve":"stepped"},{"time":0.8333,"x":1,"y":1}]}}},"wa3_2":{"slots":{"cj_dianzi":{"attachment":[{"time":0,"name":"cj_dianzi"}]},"cj_wa10":{"attachment":[{"time":0,"name":"cj_wa40"},{"time":0.0333,"name":"cj_wa41"},{"time":0.2667,"name":"cj_wa40"},{"time":2,"name":"cj_wa40"}]},"cj_yizi":{"attachment":[{"time":0,"name":"cj_yizi"}]}}},"wa3_3":{"slots":{"cj_dianzi":{"attachment":[{"time":0,"name":"cj_dianzi"}]},"cj_guang":{"color":[{"time":0,"color":"fffffffe"},{"time":1,"color":"ffffff78"},{"time":2,"color":"fffffffe"}],"attachment":[{"time":0,"name":"cj_guang"}]},"cj_wa10":{"attachment":[{"time":0,"name":"cj_wa40"},{"time":0.0333,"name":"cj_wa41"},{"time":0.2667,"name":"cj_wa40"},{"time":2,"name":"cj_wa40"}]},"cj_yizi":{"attachment":[{"time":0,"name":"cj_yizi"}]}}},"wa4_1":{"slots":{"cj_dianzi":{"attachment":[{"time":0.1667,"name":"cj_dianzi"}]},"cj_guang":{"attachment":[{"time":0,"name":null}]},"cj_wa10":{"attachment":[{"time":0.3,"name":"cj_wa20"}]},"cj_yizi":{"attachment":[{"time":0,"name":"cj_yizi"}]}},"bones":{"yizi":{"rotate":[{"time":0,"angle":0,"curve":"stepped"},{"time":0.3333,"angle":0}],"translate":[{"time":0,"x":0,"y":0,"curve":"stepped"},{"time":0.3333,"x":0,"y":0}],"scale":[{"time":0,"x":0.2,"y":0.2},{"time":0.1667,"x":1.2,"y":0.6},{"time":0.3333,"x":1,"y":1}]},"bone":{"rotate":[{"time":0.1667,"angle":0},{"time":0.3,"angle":23.71},{"time":0.4333,"angle":0,"curve":"stepped"},{"time":0.5333,"angle":0,"curve":"stepped"},{"time":0.6333,"angle":0}],"translate":[{"time":0.1667,"x":0,"y":71.81},{"time":0.3,"x":0,"y":155.54},{"time":0.4333,"x":0,"y":0},{"time":0.5333,"x":0,"y":0.99},{"time":0.6333,"x":0,"y":0}],"scale":[{"time":0.1667,"x":0.5,"y":0.5},{"time":0.3,"x":1.2,"y":1.2},{"time":0.4333,"x":1,"y":1,"curve":"stepped"},{"time":0.5333,"x":1,"y":1,"curve":"stepped"},{"time":0.6333,"x":1,"y":1}]},"bone3":{"rotate":[{"time":0.3,"angle":0},{"time":0.5,"angle":8.55},{"time":0.6333,"angle":0},{"time":0.7333,"angle":-1.54},{"time":0.8333,"angle":0}],"translate":[{"time":0.3,"x":0,"y":218.74},{"time":0.5,"x":0,"y":0,"curve":"stepped"},{"time":0.6333,"x":0,"y":0,"curve":"stepped"},{"time":0.7333,"x":0,"y":0,"curve":"stepped"},{"time":0.8333,"x":0,"y":0}],"scale":[{"time":0.3,"x":0.6,"y":0.6},{"time":0.5,"x":1,"y":1,"curve":"stepped"},{"time":0.6333,"x":1,"y":1,"curve":"stepped"},{"time":0.7333,"x":1,"y":1,"curve":"stepped"},{"time":0.8333,"x":1,"y":1}]}}},"wa4_2":{"slots":{"cj_dianzi":{"attachment":[{"time":0,"name":"cj_dianzi"}]},"cj_wa10":{"attachment":[{"time":0,"name":"cj_wa20"},{"time":0.0333,"name":"cj_wa21"},{"time":0.2667,"name":"cj_wa20"},{"time":2,"name":"cj_wa20"}]},"cj_yizi":{"attachment":[{"time":0,"name":"cj_yizi"}]}}},"wa4_3":{"slots":{"cj_dianzi":{"attachment":[{"time":0,"name":"cj_dianzi"}]},"cj_guang":{"color":[{"time":0,"color":"fffffffe"},{"time":1,"color":"ffffff78"},{"time":2,"color":"fffffffe"}],"attachment":[{"time":0,"name":"cj_guang"}]},"cj_wa10":{"attachment":[{"time":0,"name":"cj_wa20"},{"time":0.0333,"name":"cj_wa21"},{"time":0.2667,"name":"cj_wa20"},{"time":2,"name":"cj_wa20"}]},"cj_yizi":{"attachment":[{"time":0,"name":"cj_yizi"}]}}}}}