{
"skeleton": { "hash": "EfVhVuxs4ipqF5T8dmUZstiEcuc", "spine": "2.1.27", "width": 313.56, "height": 315.73, "images": "./image/" },
"bones": [
	{ "name": "root" },
	{ "name": "L_Dragon_bone", "parent": "root", "x": -57.34, "y": 221.59, "color": "ff001eff" },
	{ "name": "L_Tiger_bome", "parent": "root", "x": 91.51, "y": 221.5, "color": "ff8b00ff" },
	{ "name": "bone", "parent": "root", "length": 63.95, "x": -8.32, "y": -47.81, "rotation": 94.98, "color": "ff0004ff" },
	{ "name": "bone4", "parent": "root", "length": 68.03, "x": 2.14, "y": -40.45, "rotation": 75.01, "color": "ff7f00ff" },
	{ "name": "bone9", "parent": "root", "length": 68.12, "x": -25.84, "y": -48.51, "rotation": 0.45, "color": "1e9b00ff" },
	{ "name": "cow", "parent": "root", "x": -2.43, "y": -77.6, "color": "209b13ff" },
	{ "name": "cow_head_add", "parent": "root", "length": 61.44, "x": 0.39, "y": 34.34, "rotation": 90, "color": "209b13ff" },
	{ "name": "bone2", "parent": "bone", "length": 75.48, "x": 63.97, "y": 0.65, "rotation": 104.98, "color": "ff0000ff" },
	{ "name": "bone5", "parent": "bone4", "length": 70.9, "x": 68.03, "y": -0.23, "rotation": -61.13, "color": "ff7f00ff" },
	{ "name": "cow_L1", "parent": "cow", "length": 15.54, "x": -41.02, "y": 209.13, "color": "9c5f3fff" },
	{ "name": "cow_L2", "parent": "cow", "length": 15.54, "x": -0.79, "y": 223.27, "color": "9c5f3fff" },
	{ "name": "cow_L3", "parent": "cow", "length": 15.54, "x": 40.71, "y": 207.47, "color": "9c5f3fff" },
	{ "name": "cow_body", "parent": "cow", "length": 66.56, "x": -21.15, "y": 48.54, "color": "209b13ff" },
	{ "name": "cow_btn_L3", "parent": "cow", "length": 44.95, "x": 1.83, "y": 77.78, "color": "9c0e1aff" },
	{ "name": "bone3", "parent": "bone2", "x": 65.69, "y": 16.61, "color": "ff0000ff" },
	{ "name": "bone6", "parent": "bone5", "x": 47.86, "y": -33.97, "color": "ff7f00ff" }
],
"slots": [
	{ "name": "cow_btn_L", "bone": "cow", "color": "ffffff74", "attachment": "btn_L", "blend": "additive" },
	{ "name": "cow_btn_L2", "bone": "cow", "color": "ffffff76", "attachment": "btn_L", "blend": "additive" },
	{ "name": "cow_btn04", "bone": "cow", "attachment": "btn04" },
	{ "name": "btn_L4", "bone": "cow_btn_L3", "color": "ffffff38", "attachment": "btn_L2", "blend": "additive" },
	{ "name": "longhudou07_Word_C", "bone": "cow_head_add", "attachment": "longhudou07_Word_C" },
	{ "name": "longhudou06_Tiger", "bone": "root", "attachment": "longhudou06_Tiger" },
	{ "name": "Tiger/Tiger_001", "bone": "L_Tiger_bome", "color": "cf6936f6", "blend": "screen" },
	{ "name": "longhudou04_Word_B", "bone": "cow_body", "attachment": "longhudou04_Word_B" },
	{ "name": "longhudou03_Dragon", "bone": "root", "attachment": "longhudou03_Dragon" },
	{ "name": "Dragon", "bone": "L_Dragon_bone", "color": "ffa697ff", "blend": "additive" },
	{ "name": "longhudou01_Word_A", "bone": "bone9", "attachment": "longhudou01_Word_A" },
	{ "name": "cow_btn03", "bone": "cow", "attachment": "btn03" },
	{ "name": "txt_", "bone": "cow", "attachment": "txt_" },
	{ "name": "longhudou_txt", "bone": "root", "attachment": "longhudou_txt" },
	{ "name": "L4", "bone": "cow_L1", "color": "ffffff38", "attachment": "L", "blend": "additive" },
	{ "name": "L5", "bone": "cow_L2", "color": "fffbd2db", "attachment": "L", "blend": "additive" },
	{ "name": "L6", "bone": "cow_L3", "color": "fffbd2db", "attachment": "L", "blend": "additive" }
],
"skins": {
	"default": {
		"Dragon": {
			"Dragon/Dragon/longhudou03_Dragon_001": { "x": 0.56, "y": 1.32, "width": 127, "height": 155 },
			"Dragon/Dragon/longhudou03_Dragon_002": { "x": 0.56, "y": 1.32, "width": 127, "height": 155 },
			"Dragon/Dragon/longhudou03_Dragon_003": { "x": 0.56, "y": 1.32, "width": 127, "height": 155 },
			"Dragon/Dragon/longhudou03_Dragon_004": { "x": 0.56, "y": 1.32, "width": 127, "height": 155 },
			"Dragon/Dragon/longhudou03_Dragon_005": { "x": 0.56, "y": 1.32, "width": 127, "height": 155 },
			"Dragon/Dragon/longhudou03_Dragon_006": { "x": 0.56, "y": 1.32, "width": 127, "height": 155 },
			"Dragon/Dragon/longhudou03_Dragon_007": { "x": 0.56, "y": 1.32, "width": 127, "height": 155 },
			"Dragon/Dragon/longhudou03_Dragon_008": { "x": 0.56, "y": 1.32, "width": 127, "height": 155 },
			"Dragon/Dragon/longhudou03_Dragon_009": { "x": 0.56, "y": 1.32, "width": 127, "height": 155 },
			"Dragon/Dragon/longhudou03_Dragon_010": { "x": 0.56, "y": 1.32, "width": 127, "height": 155 }
		},
		"L4": {
			"L": { "x": 0.05, "y": 0.46, "width": 24, "height": 26 }
		},
		"L5": {
			"L": { "x": 0.05, "y": 0.46, "width": 24, "height": 26 }
		},
		"L6": {
			"L": { "x": 0.05, "y": 0.46, "width": 24, "height": 26 }
		},
		"Tiger/Tiger_001": {
			"Dragon/Tiger/Tiger_001": { "x": 0.19, "y": 0.36, "width": 113, "height": 140 },
			"Dragon/Tiger/Tiger_002": { "x": 0.19, "y": 0.36, "width": 113, "height": 140 },
			"Dragon/Tiger/Tiger_003": { "x": 0.19, "y": 0.36, "width": 113, "height": 140 },
			"Dragon/Tiger/Tiger_004": { "x": 0.19, "y": 0.36, "width": 113, "height": 140 },
			"Dragon/Tiger/Tiger_005": { "x": 0.19, "y": 0.36, "width": 113, "height": 140 },
			"Dragon/Tiger/Tiger_006": { "x": 0.19, "y": 0.36, "width": 113, "height": 140 },
			"Dragon/Tiger/Tiger_007": { "x": 0.19, "y": 0.36, "width": 113, "height": 140 },
			"Dragon/Tiger/Tiger_008": { "x": 0.19, "y": 0.36, "width": 113, "height": 140 },
			"Dragon/Tiger/Tiger_009": { "x": 0.19, "y": 0.36, "width": 113, "height": 140 },
			"Dragon/Tiger/Tiger_010": { "x": 0.19, "y": 0.36, "width": 113, "height": 140 }
		},
		"btn_L4": {
			"btn_L2": { "scaleX": 2, "scaleY": 2, "rotation": -150.43, "width": 115, "height": 115 }
		},
		"cow_btn03": {
			"btn03": { "x": 3.01, "y": 27.08, "width": 159, "height": 14 }
		},
		"cow_btn04": {
			"btn04": { "x": 2.5, "y": 76.99, "width": 164, "height": 165 }
		},
		"cow_btn_L": {
			"btn_L": { "x": 2.5, "y": 78.86, "scaleX": 1.4, "scaleY": 1.4, "width": 165, "height": 165 }
		},
		"cow_btn_L2": {
			"btn_L": { "x": 2.5, "y": 78.86, "scaleX": 1.4, "scaleY": 1.4, "width": 165, "height": 165 }
		},
		"longhudou01_Word_A": {
			"longhudou01_Word_A": { "x": 26.65, "y": 5.8, "rotation": -0.45, "width": 62, "height": 30 }
		},
		"longhudou03_Dragon": {
			"longhudou03_Dragon": {
				"type": "mesh",
				"uvs": [ 1, 0.66645, 1, 0.76245, 1, 1, 0.70022, 1, 0, 1, 0, 0.64845, 0, 0.55005, 0, 0, 0.48786, 0, 0.53033, 0, 1, 0, 0.41756, 0.04965, 0.44392, 0.14205, 0.41023, 0.23205, 0.27257, 0.33525, 0.16712, 0.41445, 0.18616, 0.50685, 0.11146, 0.55965, 0.06167, 0.69285, 0.12611, 0.68925, 0.20373, 0.64965, 0.29746, 0.60405, 0.22131, 0.66885, 0.16419, 0.67965, 0.13929, 0.70605, 0.17883, 0.74685, 0.23888, 0.77325, 0.28282, 0.76845, 0.30039, 0.70245, 0.35751, 0.67965, 0.4322, 0.71565, 0.47321, 0.71445, 0.49957, 0.68925, 0.49811, 0.74205, 0.44685, 0.80685, 0.33701, 0.86325, 0.29453, 0.91965, 0.31064, 0.97725, 0.41609, 0.93045, 0.59184, 0.96645, 0.83057, 0.96285, 0.93016, 0.86565, 0.97116, 0.54405, 0.92723, 0.41685, 0.84814, 0.29805, 0.68997, 0.20445, 0.68557, 0.10005, 0.62113, 0.07005, 0.57134, 0.09285, 0.38534, 0.53925, 0.41023, 0.60045, 0.57427, 0.58245, 0.54058, 0.49005, 0.45857, 0.43485, 0.28428, 0.44085, 0.4322, 0.41325, 0.32968, 0.49245, 0.27696, 0.49605, 0.45124, 0.29085, 0.72219, 0.38685, 0.70754, 0.31485, 0.55083, 0.21045, 0.7588, 0.51165, 0.74855, 0.63645, 0.72951, 0.83805, 0.60356, 0.64485, 0.63871, 0.75765, 0.52008, 0.89325, 0.50836, 0.95085, 0.15625, 0.66113, 0.29094, 0.57792 ],
				"triangles": [ 29, 21, 50, 28, 22, 21, 50, 30, 29, 29, 28, 21, 24, 19, 23, 22, 25, 23, 22, 23, 20, 24, 23, 25, 28, 26, 22, 26, 25, 22, 28, 27, 26, 27, 29, 30, 29, 27, 28, 35, 26, 27, 25, 26, 36, 25, 4, 18, 18, 24, 25, 4, 25, 36, 11, 7, 8, 47, 9, 10, 48, 9, 47, 46, 47, 10, 12, 11, 8, 8, 9, 48, 12, 8, 48, 44, 45, 46, 61, 12, 48, 48, 47, 46, 11, 14, 7, 13, 11, 12, 13, 12, 61, 58, 13, 61, 10, 44, 46, 60, 45, 44, 13, 14, 11, 14, 13, 58, 59, 60, 44, 55, 14, 58, 45, 61, 48, 45, 48, 46, 15, 7, 14, 52, 53, 58, 55, 58, 53, 54, 14, 55, 15, 14, 54, 58, 60, 52, 56, 54, 55, 54, 16, 15, 57, 54, 56, 57, 16, 54, 49, 56, 55, 49, 55, 53, 6, 7, 15, 17, 6, 15, 16, 17, 15, 70, 57, 56, 70, 56, 49, 59, 52, 60, 60, 61, 45, 61, 60, 58, 52, 50, 49, 52, 49, 53, 50, 52, 51, 21, 70, 49, 50, 21, 49, 5, 6, 17, 70, 20, 16, 70, 16, 57, 20, 70, 21, 17, 16, 20, 69, 17, 20, 17, 18, 5, 22, 20, 21, 23, 69, 20, 69, 19, 17, 19, 69, 23, 19, 18, 17, 4, 5, 18, 18, 19, 24, 43, 44, 10, 59, 44, 43, 62, 59, 43, 42, 43, 10, 62, 43, 42, 62, 52, 59, 62, 51, 52, 63, 51, 62, 63, 62, 42, 65, 51, 63, 10, 0, 42, 63, 42, 0, 32, 50, 51, 32, 51, 65, 50, 32, 30, 32, 31, 30, 33, 31, 32, 66, 65, 63, 32, 65, 66, 33, 32, 66, 63, 0, 1, 33, 34, 30, 33, 30, 31, 64, 66, 63, 41, 64, 63, 34, 27, 30, 34, 35, 27, 1, 41, 63, 67, 33, 66, 39, 67, 66, 34, 33, 67, 36, 26, 35, 38, 35, 34, 38, 34, 67, 36, 35, 38, 68, 38, 67, 40, 64, 41, 64, 39, 66, 3, 39, 64, 68, 67, 39, 37, 36, 38, 40, 3, 64, 37, 68, 39, 37, 38, 68, 39, 3, 37, 37, 4, 36, 4, 37, 3, 41, 1, 2, 40, 41, 2, 3, 40, 2 ],
				"vertices": [ 1, 3, 26.96, -40.66, 1, 1, 3, 12.14, -39.37, 1, 1, 3, -24.53, -36.16, 1, 1, 3, -21.21, 1.76, 1, 2, 3, -13.47, 90.35, 4.0E-5, 15, 40.98, 32.43999, 0.99995, 2, 3, 40.81, 85.6, 0, 8, 88.05, 0.41, 0.99999, 2, 3, 56, 84.27, 0, 8, 82.83, -13.92, 0.99999, 2, 3, 140.94, 76.83999, 0, 8, 53.7, -94.04, 0.99999, 2, 3, 135.54, 15.12, 0.02641, 8, -4.52, -72.87, 0.97358, 2, 3, 135.07, 9.75, 0.03938, 8, -9.59, -71.03, 0.96061, 2, 3, 129.87, -49.66, 0.26104, 8, -65.65, -50.64, 0.73895, 2, 3, 128.65, 24.68, 0.01118, 8, 6.49, -68.69, 0.98881, 2, 3, 114.09, 22.6, 0.01142, 8, 8.24, -54.08, 0.98857, 2, 3, 100.56, 28.07, 0.00562, 8, 17.03, -42.43, 0.99437, 1, 8, 38.91999, -33.38, 1, 1, 8, 55.7, -26.42, 1, 1, 8, 58.33, -12.13, 1, 1, 8, 70.04, -7.68, 1, 1, 8, 83.04, 9.55, 1, 1, 8, 75.16, 11.82, 1, 1, 8, 63.79, 9.42, 1, 3, 3, 44.37, 47.37, 0.01532, 8, 50.19, 6.85, 0.83075, 15, -15.49, -12.31, 0.15391, 1, 15, -2.97, -6.18, 1, 1, 15, 4.41, -7.09, 1, 1, 15, 8.78, -4.32, 1, 1, 15, 6.22, 3.33, 1, 1, 15, 0.45, 9.78, 1, 1, 15, -5.03, 10.99, 1, 1, 15, -10.63, 2.14, 1, 1, 15, -18.65, 1.29999, 1, 2, 3, 25.65, 31.83, 0.64799, 15, -25.66, 9.78, 0.352, 2, 3, 25.38, 26.62, 0.44, 15, -30.62, 11.39, 0.55999, 1, 3, 28.98, 22.95, 1, 1, 3, 20.84, 23.84, 1, 1, 3, 11.4, 31.21, 1, 1, 3, 3.91, 45.86, 1, 1, 3, -4.32, 52, 1, 1, 3, -13.39, 50.74, 1, 1, 3, -7.33, 36.77, 1, 1, 3, -14.84, 15.02, 1, 1, 3, -16.92, -15.22, 1, 1, 3, -3.01, -29.14, 1, 2, 3, 46.18, -38.66999, 0.97986, 8, -33.39, 27.35, 0.02012, 2, 3, 66.31, -34.83, 0.90618, 8, -34.88, 6.91, 0.09381, 2, 3, 85.53, -26.43, 0.415, 8, -31.73, -13.81, 0.58499, 2, 3, 101.73, -7.68, 0.1313, 8, -17.81, -34.31, 0.86869, 2, 3, 117.9, -8.53, 0.13511, 8, -22.82, -49.71, 0.86488, 2, 3, 123.24, -0.79, 0.06197, 8, -16.71999, -56.88, 0.93802, 2, 3, 120.27, 5.81, 0.07295, 8, -9.57, -55.72, 0.92704, 1, 8, 36.27, 1.22, 1, 3, 3, 43.68, 33.05, 0.34675, 8, 36.54, 11.22, 0.312, 15, -29.14, -7.94, 0.34124, 3, 3, 44.64, 12.05, 0.49915, 8, 16.01, 15.72, 0.47443, 15, -49.67, -3.45, 0.0264, 1, 8, 15.14, 0.79, 1, 1, 8, 22, -10.8, 1, 1, 8, 43.12, -17.49, 1, 1, 8, 24, -15.09, 1, 1, 8, 40.43, -8, 1, 1, 8, 46.92, -9.76, 1, 2, 3, 91.03, 23.68, 0.004, 8, 15.25, -32.09, 0.99599, 2, 3, 73.21, -9.29, 0.57432, 8, -12, -6.35, 0.42568, 2, 3, 84.49, -8.41, 0.34907, 8, -14.06, -17.46999, 0.65091, 2, 3, 102.34, 9.99, 0.06456, 8, -0.89, -39.48, 0.93543, 1, 3, 53.53, -12.24, 1, 1, 3, 34.38, -9.26, 1, 1, 3, 3.46, -4.12, 1, 1, 3, 34.68, 9.18999, 1, 1, 3, 16.87999, 6.27, 1, 1, 3, -2.74, 23.11, 1, 1, 3, -11.5, 25.37, 1, 1, 8, 70.07, 9.03, 1, 1, 8, 49.59, 2.46, 1 ],
				"hull": 11,
				"edges": [ 14, 16, 12, 14, 8, 10, 10, 12, 4, 6, 6, 8, 4, 2, 2, 0, 0, 20, 16, 18, 18, 20 ],
				"width": 127,
				"height": 155
			}
		},
		"longhudou04_Word_B": {
			"longhudou04_Word_B": { "x": 16.82, "y": 1.23, "width": 163, "height": 70 }
		},
		"longhudou06_Tiger": {
			"longhudou06_Tiger": {
				"type": "mesh",
				"uvs": [ 1, 0.19402, 1, 0.31757, 1, 1, 0.64694, 1, 0, 1, 0, 0.57399, 0, 0, 0.34737, 0, 0.53831, 0, 0.59427, 0, 1, 0, 0.73912, 0.57133, 0.78521, 0.56203, 0.88562, 0.61119, 0.9531, 0.49295, 0.94652, 0.40127, 0.89055, 0.37205, 0.80002, 0.37603, 0.64201, 0.40393, 0.57452, 0.44246, 0.61073, 0.54476, 0.46917, 0.63909, 0.42144, 0.57, 0.36383, 0.58063, 0.3737, 0.5049, 0.27988, 0.49693, 0.30786, 0.39862, 0.23215, 0.3282, 0.24532, 0.16612, 0.28317, 0.05319, 0.43132, 0.03326, 0.46259, 0.07046, 0.49057, 0.06382, 0.61896, 0.07976, 0.71772, 0.0864, 0.79179, 0.12626, 0.88891, 0.15815, 0.93664, 0.34282, 0.73912, 0.31625, 0.51691, 0.34149, 0.18277, 0.30163, 0.11363, 0.44113, 0.75393, 0.81712, 0.76216, 0.66433, 0.73089, 0.62049, 0.89549, 0.30827, 0.94487, 0.30827, 0.88232, 0.46637, 0.75064, 0.46239, 0.73254, 0.384 ],
				"triangles": [ 3, 42, 2, 2, 42, 13, 13, 14, 2, 14, 1, 2, 43, 12, 13, 12, 47, 13, 13, 47, 14, 48, 20, 18, 11, 48, 12, 12, 48, 47, 47, 15, 14, 14, 15, 1, 48, 17, 47, 47, 16, 15, 47, 17, 16, 11, 20, 48, 48, 18, 49, 24, 39, 19, 48, 49, 17, 19, 39, 18, 49, 18, 38, 16, 37, 15, 15, 37, 1, 1, 37, 46, 38, 18, 39, 38, 39, 33, 39, 26, 28, 49, 38, 17, 34, 38, 33, 16, 17, 45, 16, 45, 37, 45, 17, 38, 37, 45, 46, 33, 32, 8, 8, 9, 33, 26, 27, 28, 28, 31, 39, 31, 32, 39, 33, 39, 32, 28, 29, 31, 29, 30, 31, 29, 7, 30, 27, 40, 28, 46, 0, 1, 38, 36, 45, 38, 35, 36, 38, 34, 35, 0, 46, 36, 46, 45, 36, 40, 6, 28, 36, 10, 0, 28, 6, 29, 36, 35, 10, 35, 34, 10, 10, 34, 9, 34, 33, 9, 31, 30, 32, 32, 30, 8, 29, 6, 7, 30, 7, 8, 20, 19, 18, 3, 21, 42, 42, 44, 43, 12, 44, 11, 21, 44, 42, 3, 4, 21, 21, 4, 23, 23, 22, 21, 23, 5, 25, 25, 5, 41, 5, 23, 4, 23, 24, 22, 23, 25, 24, 5, 6, 41, 22, 24, 19, 25, 26, 24, 24, 26, 39, 41, 27, 25, 25, 27, 26, 41, 40, 27, 41, 6, 40, 21, 22, 20, 22, 19, 20, 44, 21, 20, 44, 20, 11, 43, 44, 12, 42, 43, 13 ],
				"vertices": [ 1, 9, 78.44, 5.13, 1, 1, 9, 74.29, -11.66, 1, 2, 4, 1.41, -95.64, 0.10414, 16, 3.51, -70.43, 0.89585, 2, 4, -8.91, -57.11, 0.29494, 16, -35.21, -60.86, 0.70505, 1, 4, -27.82, 13.5, 1, 1, 4, 29.78, 28.93, 1, 3, 4, 107.4, 49.72, 0.27936, 9, -24.74, 58.6, 0.72055, 16, -72.6, 92.58, 7.0E-5, 1, 9, 13.36, 49.18, 1, 3, 4, 123.14, -9.02, 0.00868, 9, 34.31, 44.01, 0.99122, 16, -13.55, 77.99, 8.0E-5, 3, 4, 124.78, -15.13, 0.00165, 9, 40.45, 42.49, 0.99827, 16, -7.41, 76.47, 7.0E-5, 1, 9, 84.96, 31.5, 1, 2, 4, 51.75, -51.64, 0.672, 16, -10.7, -5.1, 0.32799, 1, 16, -5.33, -5.08, 1, 1, 16, 4.02, -14.48, 1, 1, 16, 15.39, -0.24, 1, 2, 9, 65.62, -21.58, 0.29433, 16, 17.75, 12.39, 0.70566, 2, 9, 60.46, -16.09, 0.65027, 16, 12.59, 17.87, 0.34972, 2, 9, 50.39, -14.18, 0.76489, 16, 2.53, 19.79, 0.2351, 3, 4, 71.55, -34.98, 0.03743, 9, 32.12, -13.69, 0.74093, 16, -15.74, 20.28, 0.22162, 3, 4, 64.36, -29, 0.13492, 9, 23.42, -17.1, 0.60032, 16, -24.43, 16.87, 0.26475, 3, 4, 51.59, -36.66, 0.75681, 9, 23.96, -31.99, 0.02788, 16, -23.89, 1.98, 0.2153, 1, 4, 34.68999, -24.63, 1, 1, 4, 42.64, -16.92, 1, 1, 4, 39.52, -11.01, 1, 3, 4, 50.05, -9.35, 0.967, 9, -0.69, -20.15, 0.01179, 16, -48.56, 13.82, 0.02119, 1, 4, 48.38, 1.16999, 1, 2, 4, 62.49, 1.68, 0.81406, 9, -4.35, -3.92, 0.18593, 2, 4, 69.8, 12.49, 0.42061, 9, -10.29, 7.7, 0.57937, 1, 9, -3.4, 29.37, 1, 1, 9, 4.53, 43.69, 1, 1, 9, 21.45, 42.39, 1, 3, 4, 111.4, -3.31, 0.01753, 9, 23.64, 36.48, 0.98236, 16, -24.22, 70.46, 1.0E-4, 3, 4, 113.11, -6.13, 0.01753, 9, 26.93, 36.63, 0.98236, 16, -20.93, 70.61, 1.0E-4, 3, 4, 114.71, -20.71999, 0.00116, 9, 40.48, 30.98, 0.99876, 16, -7.38, 64.96, 6.0E-5, 2, 9, 51.09, 27.4, 0.99996, 16, 3.22, 61.38, 3.0E-5, 2, 9, 57.88, 19.98, 0.99998, 16, 10.01, 53.96, 1.0E-5, 1, 9, 67.46, 13.01, 1, 2, 9, 66.5, -13.37, 0.65027, 16, 18.62999, 20.6, 0.34972, 1, 9, 45.72, -4.41, 1, 1, 9, 20.49, -1.82, 1, 3, 4, 71.94999, 18.85, 0.674, 9, -14.81, 12.65, 0.32599, 16, -62.68, 46.63, 0, 2, 4, 51.07, 21.34, 0.94469, 9, -27.08, -4.42999, 0.0553, 1, 4, 18.94, -62.16, 1, 1, 4, 39.84999, -57.52, 1, 1, 4, 44.86, -52.52, 1, 1, 9, 63.14, -7.56, 1, 1, 9, 68.56, -8.89999, 1, 1, 16, 8.52, 5.28, 1, 1, 16, -5.78, 9.39, 1, 2, 9, 42.72, -13.44, 0.76489, 16, -5.13, 20.53, 0.2351 ],
				"hull": 11,
				"edges": [ 12, 14, 14, 16, 16, 18, 18, 20, 0, 20, 0, 2, 2, 4, 8, 10, 10, 12, 4, 6, 6, 8 ],
				"width": 113,
				"height": 140
			}
		},
		"longhudou07_Word_C": {
			"longhudou07_Word_C": {
				"type": "mesh",
				"uvs": [ 0, 0, 0.5, 0, 1, 0, 1, 0.5, 1, 1, 0.5, 1, 0, 1, 0, 0.5, 0.5, 0.5 ],
				"triangles": [ 7, 0, 1, 8, 1, 2, 7, 1, 8, 8, 2, 3, 6, 7, 8, 5, 8, 3, 6, 8, 5, 5, 3, 4 ],
				"vertices": [ 57.93, 22.55, 57.93, -36.43999, 57.93, -95.44, -13.56, -95.44, -85.06, -95.44, -85.06, -36.43999, -85.06, 22.55, -13.56, 22.55, -13.56, -36.43999 ],
				"hull": 8,
				"edges": [ 0, 2, 2, 4, 4, 6, 6, 8, 8, 10, 10, 12, 12, 14, 14, 0 ],
				"width": 118,
				"height": 143
			}
		},
		"longhudou_txt": {
			"longhudou_txt": { "x": 2.46, "y": -74.77, "width": 114, "height": 44 }
		},
		"txt_": {
			"txt_": { "x": 24.4, "y": -2.18, "width": 196, "height": 47 }
		}
	}
},
"animations": {
	"animation": {
		"slots": {
			"Dragon": {
				"attachment": [
					{ "time": 2.5, "name": null },
					{ "time": 2.6, "name": "Dragon/Dragon/longhudou03_Dragon_001" },
					{ "time": 2.7, "name": "Dragon/Dragon/longhudou03_Dragon_002" },
					{ "time": 2.8, "name": "Dragon/Dragon/longhudou03_Dragon_003" },
					{ "time": 2.9, "name": "Dragon/Dragon/longhudou03_Dragon_004" },
					{ "time": 3, "name": "Dragon/Dragon/longhudou03_Dragon_005" },
					{ "time": 3.1, "name": "Dragon/Dragon/longhudou03_Dragon_006" },
					{ "time": 3.2, "name": "Dragon/Dragon/longhudou03_Dragon_007" },
					{ "time": 3.3, "name": "Dragon/Dragon/longhudou03_Dragon_008" },
					{ "time": 3.4, "name": "Dragon/Dragon/longhudou03_Dragon_009" },
					{ "time": 3.4666, "name": "Dragon/Dragon/longhudou03_Dragon_010" },
					{ "time": 3.5666, "name": null }
				],
				"color": [
					{ "time": 2.5, "color": "ff69488d", "curve": "stepped" },
					{ "time": 3.1, "color": "ff69488d" },
					{ "time": 3.2, "color": "ed5d4769" },
					{ "time": 3.4666, "color": "ed5d4700" }
				]
			},
			"L4": {
				"attachment": [
					{ "time": 0, "name": "L" }
				],
				"color": [
					{ "time": 0, "color": "ffffff00", "curve": "stepped" },
					{
						"time": 3.0666,
						"color": "ffffff00",
						"curve": [ 0.25, 0, 0.75, 1 ]
					},
					{
						"time": 3.2,
						"color": "ffffff71",
						"curve": [ 0.25, 0, 0.75, 1 ]
					},
					{ "time": 3.3333, "color": "ffffff00" }
				]
			},
			"L5": {
				"attachment": [
					{ "time": 0, "name": "L" }
				],
				"color": [
					{ "time": 0, "color": "fffbd200", "curve": "stepped" },
					{
						"time": 0.9333,
						"color": "fffbd200",
						"curve": [ 0.25, 0, 0.75, 1 ]
					},
					{
						"time": 1.2,
						"color": "fffbd2db",
						"curve": [ 0.25, 0, 0.75, 1 ]
					},
					{ "time": 1.4333, "color": "fffbd200" }
				]
			},
			"L6": {
				"attachment": [
					{ "time": 0, "name": "L" }
				],
				"color": [
					{ "time": 0, "color": "fffbd200", "curve": "stepped" },
					{
						"time": 1.8333,
						"color": "fffbd200",
						"curve": [ 0.25, 0, 0.75, 1 ]
					},
					{
						"time": 2,
						"color": "fffbd2b9",
						"curve": [ 0.25, 0, 0.75, 1 ]
					},
					{ "time": 2.1666, "color": "fffbd200" }
				]
			},
			"Tiger/Tiger_001": {
				"attachment": [
					{ "time": 0.3666, "name": null },
					{ "time": 0.4666, "name": "Dragon/Tiger/Tiger_001" },
					{ "time": 0.5666, "name": "Dragon/Tiger/Tiger_002" },
					{ "time": 0.6666, "name": "Dragon/Tiger/Tiger_003" },
					{ "time": 0.7666, "name": "Dragon/Tiger/Tiger_004" },
					{ "time": 0.8666, "name": "Dragon/Tiger/Tiger_005" },
					{ "time": 0.9666, "name": "Dragon/Tiger/Tiger_006" },
					{ "time": 1.0666, "name": "Dragon/Tiger/Tiger_007" },
					{ "time": 1.1666, "name": "Dragon/Tiger/Tiger_008" },
					{ "time": 1.2666, "name": "Dragon/Tiger/Tiger_009" },
					{ "time": 1.3666, "name": "Dragon/Tiger/Tiger_010" },
					{ "time": 1.4666, "name": null }
				],
				"color": [
					{
						"time": 0.8666,
						"color": "cf6936e8",
						"curve": [ 0.25, 0, 0.75, 1 ]
					},
					{ "time": 1.4666, "color": "cf693600" }
				]
			},
			"btn_L4": {
				"attachment": [
					{ "time": 0, "name": "btn_L2" }
				]
			},
			"cow_btn03": {
				"attachment": [
					{ "time": 0, "name": "btn03" }
				]
			},
			"cow_btn04": {
				"attachment": [
					{ "time": 0, "name": "btn04" }
				]
			},
			"cow_btn_L": {
				"attachment": [
					{ "time": 0, "name": "btn_L" }
				]
			},
			"cow_btn_L2": {
				"attachment": [
					{ "time": 0, "name": "btn_L" }
				]
			},
			"txt_": {
				"attachment": [
					{ "time": 0, "name": "txt_" }
				]
			}
		},
		"bones": {
			"cow_btn_L3": {
				"rotate": [
					{ "time": 0, "angle": 0 },
					{
						"time": 1.3333,
						"angle": 120,
						"curve": [ 0.25, 0, 0.75, 1 ]
					},
					{ "time": 2.6666, "angle": 240 },
					{ "time": 4, "angle": 0 }
				],
				"translate": [
					{ "time": 0, "x": 0, "y": 0 }
				],
				"scale": [
					{ "time": 0, "x": 1, "y": 1 }
				]
			},
			"cow_L3": {
				"rotate": [
					{ "time": 0, "angle": 0, "curve": "stepped" },
					{
						"time": 1.8333,
						"angle": 0,
						"curve": [ 0.25, 0, 0.75, 1 ]
					},
					{
						"time": 2.1666,
						"angle": 114.65,
						"curve": [ 0.25, 0, 0.75, 1 ]
					},
					{ "time": 4, "angle": 0 }
				],
				"translate": [
					{
						"time": 0,
						"x": -3.42,
						"y": -1.85,
						"curve": [ 0.25, 0, 0.75, 1 ]
					},
					{
						"time": 1.8333,
						"x": 46.05,
						"y": -106.14,
						"curve": [ 0.25, 0, 0.75, 1 ]
					},
					{
						"time": 2,
						"x": 41.84,
						"y": -112.73,
						"curve": [ 0.25, 0, 0.75, 1 ]
					},
					{
						"time": 2.1666,
						"x": 34.72,
						"y": -113.99,
						"curve": [ 0.25, 0, 0.75, 1 ]
					},
					{ "time": 4, "x": 47.61, "y": -13.82 }
				],
				"scale": [
					{ "time": 0, "x": 0.5, "y": 0.5, "curve": "stepped" },
					{
						"time": 1.8333,
						"x": 0.5,
						"y": 0.5,
						"curve": [ 0.25, 0, 0.75, 1 ]
					},
					{ "time": 4, "x": 1, "y": 1 }
				]
			},
			"cow_L2": {
				"rotate": [
					{ "time": 0, "angle": 0, "curve": "stepped" },
					{
						"time": 0.9333,
						"angle": 0,
						"curve": [ 0.25, 0, 0.75, 1 ]
					},
					{
						"time": 1.2,
						"angle": 128.23,
						"curve": [ 0.25, 0, 0.75, 1 ]
					},
					{ "time": 1.4333, "angle": -111.46 }
				],
				"translate": [
					{
						"time": 0,
						"x": 4.93,
						"y": -16.81,
						"curve": [ 0.25, 0, 0.75, 1 ]
					},
					{
						"time": 0.9333,
						"x": -36.55,
						"y": -103.08,
						"curve": [ 0.25, 0, 0.75, 1 ]
					},
					{
						"time": 1.2,
						"x": -27.39,
						"y": -79.64,
						"curve": [ 0.25, 0, 0.75, 1 ]
					},
					{ "time": 1.4333, "x": -38.08, "y": -59.86 }
				],
				"scale": [
					{ "time": 0, "x": 0.4, "y": 0.4, "curve": "stepped" },
					{
						"time": 0.9333,
						"x": 0.4,
						"y": 0.4,
						"curve": [ 0.25, 0, 0.75, 1 ]
					},
					{ "time": 1.4333, "x": 0.7, "y": 0.7 }
				]
			},
			"cow_L1": {
				"rotate": [
					{ "time": 0, "angle": 0, "curve": "stepped" },
					{
						"time": 3.0666,
						"angle": 0,
						"curve": [ 0.25, 0, 0.75, 1 ]
					},
					{ "time": 3.3333, "angle": -139.11 }
				],
				"translate": [
					{
						"time": 0,
						"x": 8.32,
						"y": -2.62,
						"curve": [ 0.25, 0, 0.75, 1 ]
					},
					{
						"time": 3.0666,
						"x": 30.14,
						"y": -167.39,
						"curve": [ 0.25, 0, 0.75, 1 ]
					},
					{ "time": 3.3333, "x": 55.68, "y": -159.95 }
				],
				"scale": [
					{ "time": 0, "x": 0.6, "y": 0.6, "curve": "stepped" },
					{ "time": 3.0666, "x": 0.6, "y": 0.6, "curve": "stepped" },
					{ "time": 3.3333, "x": 0.6, "y": 0.6 }
				]
			},
			"root": {
				"rotate": [
					{ "time": 0, "angle": 0 }
				],
				"translate": [
					{ "time": 0, "x": 0, "y": 0 }
				],
				"scale": [
					{ "time": 0, "x": 1, "y": 1 }
				]
			},
			"cow_body": {
				"rotate": [
					{ "time": 0, "angle": 0, "curve": "stepped" },
					{ "time": 4, "angle": 0 }
				],
				"translate": [
					{
						"time": 0,
						"x": 0,
						"y": 0,
						"curve": [ 0.25, 0, 0.75, 1 ]
					},
					{
						"time": 2,
						"x": 0,
						"y": 0.25,
						"curve": [ 0.25, 0, 0.75, 1 ]
					},
					{ "time": 4, "x": 0, "y": 0 }
				],
				"scale": [
					{ "time": 0, "x": 1, "y": 1, "curve": "stepped" },
					{ "time": 4, "x": 1, "y": 1 }
				]
			},
			"cow_head_add": {
				"rotate": [
					{ "time": 0, "angle": 0, "curve": "stepped" },
					{ "time": 4, "angle": 0 }
				],
				"translate": [
					{ "time": 0, "x": 0, "y": 0, "curve": "stepped" },
					{ "time": 4, "x": 0, "y": 0 }
				],
				"scale": [
					{ "time": 0, "x": 1.022, "y": 1.022 },
					{ "time": 2, "x": 1, "y": 1 },
					{ "time": 4, "x": 1.022, "y": 1.022 }
				]
			},
			"L_Tiger_bome": {
				"translate": [
					{ "time": 0, "x": -52.68, "y": -215.14 }
				]
			},
			"L_Dragon_bone": {
				"translate": [
					{ "time": 0, "x": 22.65, "y": -214.55 }
				]
			},
			"bone9": {
				"rotate": [
					{
						"time": 0,
						"angle": 0,
						"curve": [ 0.25, 0, 0.75, 1 ]
					},
					{ "time": 2, "angle": -3.41 },
					{ "time": 4, "angle": 0 }
				],
				"translate": [
					{
						"time": 0,
						"x": 5.39,
						"y": 1.24,
						"curve": [ 0.248, 0, 0.742, 0.96 ]
					},
					{ "time": 2, "x": 4.23, "y": 2.49 },
					{ "time": 4, "x": 5.39, "y": 1.24 }
				]
			},
			"bone2": {
				"rotate": [
					{
						"time": 0,
						"angle": 0,
						"curve": [ 0.25, 0, 0.75, 1 ]
					},
					{
						"time": 2,
						"angle": -0.63,
						"curve": [ 0.25, 0, 0.75, 1 ]
					},
					{ "time": 4, "angle": 0 }
				],
				"translate": [
					{ "time": 0, "x": 0, "y": 0, "curve": "stepped" },
					{ "time": 4, "x": 0, "y": 0 }
				]
			},
			"bone5": {
				"rotate": [
					{
						"time": 0,
						"angle": 0,
						"curve": [ 0.25, 0, 0.75, 1 ]
					},
					{
						"time": 2,
						"angle": -1.07,
						"curve": [ 0.25, 0, 0.75, 1 ]
					},
					{ "time": 4, "angle": 0 }
				]
			},
			"bone3": {
				"translate": [
					{ "time": 0, "x": 0, "y": 0 },
					{ "time": 2, "x": 0, "y": -0.87 },
					{ "time": 4, "x": 0, "y": 0 }
				]
			},
			"bone4": {
				"rotate": [
					{ "time": 0, "angle": 0, "curve": "stepped" },
					{ "time": 4, "angle": 0 }
				],
				"translate": [
					{ "time": 0, "x": 0, "y": 0, "curve": "stepped" },
					{ "time": 4, "x": 0, "y": 0 }
				]
			},
			"bone6": {
				"translate": [
					{
						"time": 0,
						"x": 0,
						"y": 0,
						"curve": [ 0.25, 0, 0.625, 0.5 ]
					},
					{
						"time": 2,
						"x": 0.24,
						"y": 0.91,
						"curve": [ 0.375, 0.5, 0.75, 1 ]
					},
					{ "time": 4, "x": 0, "y": 0 }
				]
			}
		},
		"ffd": {
			"default": {
				"longhudou03_Dragon": {
					"longhudou03_Dragon": [
						{
							"time": 0,
							"offset": 188,
							"vertices": [ -0.01533, -0.17534, -0.01533, -0.17534, -0.01533, -0.17534, -0.01533, -0.17534 ],
							"curve": [ 0.25, 0, 0.75, 1 ]
						},
						{
							"time": 2,
							"offset": 80,
							"vertices": [ -0.52465, 0.58671, 0.32439, 0.81802, -0.55667, -0.30464, -0.13254, 0.62056, -0.55667, -0.30464, -0.13254, 0.62056, -0.046, -0.52598, 0, 0, 0, 0, 0, 0, 0, 0, 0, 0, 0, 0, 0, 0, 0, 0, 0, 0, 0, 0, 0, 0, 0, 0, 0, 0, 0, 0, 0, 0, 0, 0, 0, 0, 0, 0, 0, 0, 0, 0, 0, 0, 0, 0, 0, 0, 0, 0, -1.44862, -0.40331, 0.02822, 1.50351, 0.02824, 1.50346, 0, 0, 0, 0, 0, 0, 0, 0, 0, 0, 0, 0, 0, 0, 0, 0, 0, 0, 0, 0, 0, 0, 0, 0, 0, 0, 0, 0, 0, 0, 0, 0, 0, 0, -0.12268, -1.40263, -0.12268, -1.40263, -0.12268, -1.40263, -0.046, -0.52599, -0.046, -0.52599, -0.01533, -0.17534, -0.01533, -0.17534 ],
							"curve": [ 0.25, 0, 0.75, 1 ]
						},
						{
							"time": 4,
							"offset": 188,
							"vertices": [ -0.01533, -0.17534, -0.01533, -0.17534, -0.01533, -0.17534, -0.01533, -0.17534 ]
						}
					]
				},
				"longhudou06_Tiger": {
					"longhudou06_Tiger": [
						{
							"time": 0,
							"offset": 36,
							"vertices": [ 0.04216, 0.17084 ],
							"curve": [ 0.248, 0, 0.742, 0.96 ]
						},
						{
							"time": 2,
							"offset": 8,
							"vertices": [ -0.25064, 0.93575, -0.93655, 0.24743, 0, 0, 0, 0, 0, 0, 0, 0, 0, 0, -2.7403, 0.22889, 0.53821, -1.08686, 1.21063, -0.073, 1.21068, -0.073, 0.38681, -2.35562, 2.23644, -0.83484, 2.23651, -0.83484, 4.7E-4, 0.00193, 0.13508, -0.50423, 0.5047, -0.13333, 0.0349, -0.54913, 0, 0, 0, 0, 0, 0, 0, 0, 0, 0, 0, 0, 0, 0, 0, 0, 0, 0, 0, 0, 0, 0, 0, 0, 0, 0, 0, 0, -0.66455, -0.88143, 0.42731, -1.04471, 0.42743, -1.04472, 0.01202, -0.71731, 1.36866, -1.07445, 1.36866, -1.07445, 0.86138, 1.49169, -0.86647, 1.4887, -0.86637, 1.48871, 2.38181, -0.14941, 1.88657, 1.69941, -0.53733, 2.48158, -0.24825, 0.92681, -0.92766, 0.24506, 0.37386, -0.05077, -2.2475, -0.1467, -2.24749, -0.14671, 0, 0, 0, 0, 0, 0, 0, 0, 0, 0, 0, 0, 0, 0, 0, 0, 0, 0, 0, 0, 0, 0, 0, 0, 0, 0, 0, 0, 0, 0, 0, 0, 0, 0, -0.33644, 0.08888, 2.27317, -0.18567, 1.31093, 1.96304, 1.31096, 1.96302, 0, 0, 0, 0, -0.12528, 0.46786, -0.12528, 0.46786, -0.18799, 0.70179 ],
							"curve": [ 0.25, 0, 0.75, 1 ]
						},
						{
							"time": 4,
							"offset": 36,
							"vertices": [ 0.04216, 0.17084 ]
						}
					]
				}
			}
		}
	}
}
}