{"skeleton":{"hash":"aA5mqUVB8dt467KpfInQ9yPEUGY","spine":"3.6.38","width":0,"height":0,"images":"./images/"},"bones":[{"name":"root"},{"name":"baijiale","parent":"root"},{"name":"bairenniuniu","parent":"root"},{"name":"bone","parent":"baijiale","x":0.79,"y":31.27},{"name":"bone2","parent":"baijiale","x":14.36,"y":-91.71},{"name":"bone3","parent":"bone2","x":-14.36,"y":-0.79},{"name":"bone4","parent":"baijiale","x":33.18,"y":-3.23},{"name":"bone5","parent":"baijiale","x":86.5,"y":-32.65},{"name":"bone6","parent":"baijiale","x":-79.3,"y":-7.17},{"name":"bone7","parent":"baijiale","x":-57.05,"y":-27.71},{"name":"bone8","parent":"bone","x":-58.3,"y":33.19},{"name":"bone9","parent":"bone6","x":-6.65,"y":24.24},{"name":"bone10","parent":"bone5","x":-12.51,"y":14.66},{"name":"bone11","parent":"bone"},{"name":"bone12","parent":"baijiale"},{"name":"bone13","parent":"baijiale"},{"name":"bone14","parent":"baijiale"},{"name":"bone15","parent":"bairenniuniu","x":14.36,"y":-91.71},{"name":"bone16","parent":"bone15","x":-14.36,"y":-0.79},{"name":"niu","parent":"bairenniuniu","y":18.32},{"name":"bone17","parent":"niu","x":-2.5,"y":44.68},{"name":"bone18","parent":"bone17"},{"name":"bone19","parent":"bone17"},{"name":"bone20","parent":"niu","scaleX":2,"scaleY":2},{"name":"bone21","parent":"bairenniuniu","scaleX":0.6,"scaleY":0.6},{"name":"bone22","parent":"bairenniuniu","x":-46.87,"y":-17.3,"scaleX":0.5,"scaleY":0.5},{"name":"bone23","parent":"bairenniuniu","x":49.47,"y":-56.22,"scaleX":0.3,"scaleY":0.3},{"name":"bone24","parent":"bairenniuniu","x":25.87,"y":21.62,"scaleX":0.2,"scaleY":0.2},{"name":"bone25","parent":"bairenniuniu","x":-11.8,"y":-19.93,"scaleX":0.4,"scaleY":0.4},{"name":"bone26","parent":"bairenniuniu"},{"name":"bone27","parent":"bairenniuniu"},{"name":"bone28","parent":"bairenniuniu","x":18.36,"y":-54.56,"scaleX":0.4,"scaleY":0.4},{"name":"bone29","parent":"bairenniuniu","x":-36.55,"y":-50.67,"scaleX":0.4,"scaleY":0.4},{"name":"bone30","parent":"bairenniuniu","x":-25.51,"y":-39.62,"scaleX":0.4,"scaleY":0.4},{"name":"sirenniuniu","parent":"root"},{"name":"bone31","parent":"sirenniuniu","x":14.36,"y":-91.71},{"name":"bone32","parent":"bone31","x":-14.36,"y":-0.79},{"name":"niu2","parent":"sirenniuniu","y":18.32},{"name":"bone33","parent":"niu2","x":9.89,"y":-54.16},{"name":"bone34","parent":"niu2","x":-26.78,"y":-54.16,"scaleX":-1},{"name":"bone35","parent":"niu2","x":-65.28,"y":32.87},{"name":"bone36","parent":"niu2","x":22.56,"y":-27.52,"scaleX":0.6,"scaleY":0.6},{"name":"bone37","parent":"niu2","x":21.94,"y":53.05,"scaleX":0.6,"scaleY":0.6},{"name":"bone38","parent":"niu2","x":-63.07,"y":-44.54,"scaleX":0.6,"scaleY":0.6},{"name":"bone39","parent":"niu2","x":55.52,"y":-51.56,"scaleX":0.6,"scaleY":0.6},{"name":"bone40","parent":"niu2","x":-16.12,"y":1.13,"scaleX":0.4,"scaleY":0.4},{"name":"deizhoupuke","parent":"root"},{"name":"bone41","parent":"deizhoupuke","x":14.36,"y":-91.71},{"name":"bone42","parent":"sirenniuniu"},{"name":"bone43","parent":"sirenniuniu"},{"name":"bone44","parent":"niu2","rotation":-43.91,"x":-21.96,"y":-28.04},{"name":"bone45","parent":"niu2","rotation":30.08,"x":31.79,"y":1.5},{"name":"bone46","parent":"niu2","rotation":-65.98,"x":-64.12,"y":18.3,"scaleX":0.6,"scaleY":0.6},{"name":"bone47","parent":"niu2","rotation":69.39,"x":35.04,"y":-10.07,"scaleX":0.5,"scaleY":0.5},{"name":"bone48","parent":"bone41","x":-14.36,"y":-0.79},{"name":"bone49","parent":"deizhoupuke"},{"name":"bone50","parent":"deizhoupuke"},{"name":"bone53","parent":"deizhoupuke","length":140.57,"rotation":89.1,"x":-10.78,"y":-64.59},{"name":"bone54","parent":"bone53","rotation":-89.1,"x":40.64,"y":7.74},{"name":"niu3","parent":"deizhoupuke","y":18.32},{"name":"bone57","parent":"niu3","x":-65.28,"y":32.87},{"name":"bone58","parent":"niu3","x":30.58,"y":-27.52,"scaleX":0.6,"scaleY":0.6},{"name":"bone59","parent":"niu3","x":21.94,"y":66.26,"scaleX":0.6,"scaleY":0.6},{"name":"bone60","parent":"niu3","x":-63.07,"y":-44.54,"scaleX":0.6,"scaleY":0.6},{"name":"bone61","parent":"niu3","x":55.52,"y":-51.56,"scaleX":0.6,"scaleY":0.6},{"name":"bone62","parent":"niu3","x":-25.12,"y":1.13,"scaleX":0.7,"scaleY":0.7},{"name":"bone80","parent":"niu3","y":-18.32},{"name":"bone81","parent":"bone80"},{"name":"bone82","parent":"niu3","x":38.42,"y":-45.11},{"name":"bone83","parent":"deizhoupuke","x":-47.48,"y":-25.72},{"name":"bone84","parent":"bone83","x":-22.3,"y":55.46},{"name":"bone85","parent":"niu3","x":-10,"y":-8.04,"scaleX":0.7,"scaleY":0.7},{"name":"bone86","parent":"niu3","x":33.65,"y":-6.01},{"name":"bone87","parent":"niu3","x":70.02,"y":18.44,"scaleX":0.8,"scaleY":0.8},{"name":"bone88","parent":"bone83","x":-26.55,"y":-2.02},{"name":"bone89","parent":"bone83","x":36.07,"y":84.98},{"name":"bone90","parent":"bone83","x":82.91,"y":81.15,"scaleX":0.8,"scaleY":0.8},{"name":"bone91","parent":"bone83","x":131.19,"y":17.58,"scaleX":0.8,"scaleY":0.8},{"name":"bone92","parent":"deizhoupuke"},{"name":"bone93","parent":"deizhoupuke","length":93.61,"rotation":94.46,"x":-9.72,"y":-71.72},{"name":"bone94","parent":"bone93","length":63.76,"rotation":-20.01,"x":104.23,"y":13.24},{"name":"bone95","parent":"bone93","length":72.14,"rotation":-36.61,"x":34.25,"y":-38.03},{"name":"bone96","parent":"bone94","x":35.16,"y":-5.91},{"name":"yxlz","parent":"deizhoupuke","x":-3.08,"y":-39.17},{"name":"yxlz3","parent":"deizhoupuke","x":-54,"y":-16.12,"scaleX":0.7,"scaleY":0.7},{"name":"yxlz4","parent":"deizhoupuke","x":23.75,"y":-46.4,"scaleX":0.6,"scaleY":0.6},{"name":"yxlz5","parent":"deizhoupuke","x":20.37,"y":13.45,"scaleX":0.7,"scaleY":0.7},{"name":"yxlz6","parent":"deizhoupuke","x":45.09,"y":30.73,"scaleX":0.4,"scaleY":0.4},{"name":"yxlz7","parent":"deizhoupuke","x":-33.76,"y":33.31,"scaleX":0.6,"scaleY":0.6},{"name":"yxlz8","parent":"deizhoupuke","x":-69.36,"y":6.22,"scaleX":0.5,"scaleY":0.5}],"slots":[{"name":"ty_dicengguagn","bone":"bone12","blend":"additive"},{"name":"ty_dicengguagn3","bone":"bone42","blend":"additive"},{"name":"ty_dicengguagn4","bone":"bone49","blend":"additive"},{"name":"ty_dicengguagn2","bone":"bone26","blend":"additive"},{"name":"ty_yuanquan","bone":"baijiale"},{"name":"ty_yuanquan3","bone":"sirenniuniu"},{"name":"hongzhongmajiang/hzmj_diban","bone":"deizhoupuke"},{"name":"paodeikuai/pdk_diban","bone":"deizhoupuke"},{"name":"gangshiwuzhang/gswz_banzi","bone":"deizhoupuke"},{"name":"paodeikuai/pdk_guang","bone":"bone92","blend":"multiply"},{"name":"ty_yuanquan4","bone":"deizhoupuke"},{"name":"ty_yuanquan2","bone":"bairenniuniu"},{"name":"ty_shangcengguang","bone":"bone13","blend":"additive"},{"name":"ty_shangcengguang3","bone":"bone43","blend":"additive"},{"name":"ty_shangcengguang4","bone":"bone50","blend":"additive"},{"name":"ty_shangcengguang2","bone":"bone27","blend":"additive"},{"name":"bjl/bjl_zhipai","bone":"bone"},{"name":"bjl/bjl_zhipai2","bone":"bone11","blend":"additive"},{"name":"bjl/bjl_bi","bone":"bone4"},{"name":"bairenniuniu/brnn_niu","bone":"niu"},{"name":"srnn/srnn_niutou","bone":"niu2"},{"name":"ddz/ddz_lian","bone":"bone53"},{"name":"zhajinhua/zjh_guang","bone":"bone82"},{"name":"zhajinhua/zjh_a","bone":"bone85"},{"name":"zhajinhua/zjh_a2","bone":"bone86"},{"name":"zhajinhua/zjh_a3","bone":"bone87"},{"name":"zhajinhua/zjh_zhadan","bone":"bone83"},{"name":"hongzhongmajiang/hzmj_pai","bone":"niu3"},{"name":"paodeikuai/pdk_ren","bone":"niu3"},{"name":"gangshiwuzhang/gswz_tou","bone":"bone94"},{"name":"gangshiwuzhang/gswz_shengti","bone":"bone93"},{"name":"gangshiwuzhang/gswz_shou","bone":"bone95"},{"name":"gangshiwuzhang/gswz_biyan","bone":"bone96"},{"name":"bairenniuniu/brnn_nlg_00001","bone":"bone20","blend":"additive"},{"name":"ty_ditubiao","bone":"bone2"},{"name":"ty_ditubiao3","bone":"bone31"},{"name":"ty_ditubiao4","bone":"bone41"},{"name":"ty_ditubiao2","bone":"bone15"},{"name":"bjl/bjl_baijiale","bone":"bone3"},{"name":"bjl/bjl_jinbi3","bone":"bone5"},{"name":"bjl/bjl_jinbi1","bone":"bone6"},{"name":"bjl/bjl_jinbi2","bone":"bone7"},{"name":"bjl/bjl_xing1","bone":"bone8","blend":"additive"},{"name":"bjl/bjl_xing2","bone":"bone9","blend":"additive"},{"name":"bjl/bjl_xing3","bone":"bone10","blend":"additive"},{"name":"liuguang","bone":"bone14","blend":"additive"},{"name":"liuguang2","bone":"bone44","blend":"additive"},{"name":"liuguang4","bone":"bone46","blend":"additive"},{"name":"liuguang3","bone":"bone45","blend":"additive"},{"name":"liuguang5","bone":"bone47","blend":"additive"},{"name":"bairenniuniu/brnn_bairenniuniu","bone":"bone16"},{"name":"bairenniuniu/brnn_guang","bone":"bone18","blend":"additive"},{"name":"bairenniuniu/brnn_guang2","bone":"bone19"},{"name":"bairenniuniu/brnn_bai","bone":"bone17"},{"name":"bairenniuniu/brnn_lizi","bone":"bone21"},{"name":"bairenniuniu/brnn_lizi2","bone":"bone22"},{"name":"bairenniuniu/brnn_lizi3","bone":"bone23"},{"name":"bairenniuniu/brnn_lizi7","bone":"bone29"},{"name":"bairenniuniu/brnn_lizi8","bone":"bone30"},{"name":"bairenniuniu/brnn_lizi4","bone":"bone24"},{"name":"bairenniuniu/brnn_lizi5","bone":"bone25"},{"name":"bairenniuniu/brnn_lizi6","bone":"bone28"},{"name":"srnn/srnn_sirenniuniu","bone":"bone32"},{"name":"srnn/srnn_qi","bone":"bone33"},{"name":"srnn/srnn_qi2","bone":"bone34"},{"name":"srnn/srnn_ssx","bone":"bone35","color":"ffe771ff","blend":"additive"},{"name":"srnn/srnn_ssx7","bone":"bone57","color":"ffe771ff","blend":"additive"},{"name":"srnn/srnn_ssx2","bone":"bone36","color":"ffe771ff","blend":"additive"},{"name":"srnn/srnn_ssx8","bone":"bone58","color":"ffe771ff","blend":"additive"},{"name":"srnn/srnn_ssx3","bone":"bone37","color":"ffe771ff","blend":"additive"},{"name":"srnn/srnn_ssx9","bone":"bone59","color":"ffe771ff","blend":"additive"},{"name":"srnn/srnn_ssx4","bone":"bone38","color":"ffe771ff","blend":"additive"},{"name":"srnn/srnn_ssx10","bone":"bone60","color":"ffe771ff","blend":"additive"},{"name":"srnn/srnn_ssx5","bone":"bone39","color":"ffe771ff","blend":"additive"},{"name":"srnn/srnn_ssx11","bone":"bone61","color":"ffe771ff","blend":"additive"},{"name":"srnn/srnn_ssx6","bone":"bone40","color":"ffe771ff","blend":"additive"},{"name":"srnn/srnn_ssx12","bone":"bone62","color":"ffe771ff","blend":"additive"},{"name":"ddz/ddz_doudizhu","bone":"bone48"},{"name":"ddz/ddz_guanxiao","bone":"bone54","blend":"additive"},{"name":"ddz/ddz_ylz","bone":"yxlz","blend":"additive"},{"name":"ddz/ddz_ylz5","bone":"yxlz5","blend":"additive"},{"name":"ddz/ddz_ylz4","bone":"yxlz4","blend":"additive"},{"name":"ddz/ddz_ylz8","bone":"yxlz8","blend":"additive"},{"name":"ddz/ddz_ylz3","bone":"yxlz3","blend":"additive"},{"name":"ddz/ddz_ylz7","bone":"yxlz7","blend":"additive"},{"name":"ddz/ddz_ylz6","bone":"yxlz6","blend":"additive"},{"name":"shisanzhang/ssz_lxw","bone":"bone81","blend":"additive"},{"name":"zhajinhua/hx1","bone":"bone84"},{"name":"zhajinhua/zjh_xin","bone":"bone88"},{"name":"zhajinhua/zjh_xin2","bone":"bone89"},{"name":"zhajinhua/zjh_xin4","bone":"bone91"},{"name":"zhajinhua/zjh_xin3","bone":"bone90"},{"name":"zhajinhua/zjh_zhajinhua","bone":"bone48"},{"name":"hongzhongmajiang/hzmj_hongzhongmaj","bone":"bone48"},{"name":"paodeikuai/pdk_paodeikuai","bone":"bone48"},{"name":"gangshiwuzhang/gswz_gangshiwuzhang","bone":"bone48"}],"skins":{"default":{"bairenniuniu/brnn_bai":{"bairenniuniu/brnn_bai":{"width":28,"height":26}},"bairenniuniu/brnn_bairenniuniu":{"bairenniuniu/brnn_bairenniuniu":{"y":0.01,"width":154,"height":43}},"bairenniuniu/brnn_guang":{"bairenniuniu/brnn_guang":{"width":90,"height":90}},"bairenniuniu/brnn_guang2":{"bairenniuniu/brnn_guang":{"width":90,"height":90}},"bairenniuniu/brnn_lizi":{"bairenniuniu/brnn_lizi":{"width":58,"height":58}},"bairenniuniu/brnn_lizi2":{"bairenniuniu/brnn_lizi":{"width":58,"height":58}},"bairenniuniu/brnn_lizi3":{"bairenniuniu/brnn_lizi":{"width":58,"height":58}},"bairenniuniu/brnn_lizi4":{"bairenniuniu/brnn_lizi":{"width":58,"height":58}},"bairenniuniu/brnn_lizi5":{"bairenniuniu/brnn_lizi":{"width":58,"height":58}},"bairenniuniu/brnn_lizi6":{"bairenniuniu/brnn_lizi":{"width":58,"height":58}},"bairenniuniu/brnn_lizi7":{"bairenniuniu/brnn_lizi":{"width":58,"height":58}},"bairenniuniu/brnn_lizi8":{"bairenniuniu/brnn_lizi":{"width":58,"height":58}},"bairenniuniu/brnn_niu":{"bairenniuniu/brnn_niu":{"width":172,"height":185}},"bairenniuniu/brnn_nlg_00001":{"bairenniuniu/brnn_nlg_00001":{"width":86,"height":93},"bairenniuniu/brnn_nlg_00002":{"width":86,"height":93},"bairenniuniu/brnn_nlg_00003":{"width":86,"height":93},"bairenniuniu/brnn_nlg_00004":{"width":86,"height":93},"bairenniuniu/brnn_nlg_00005":{"width":86,"height":93},"bairenniuniu/brnn_nlg_00006":{"width":86,"height":93},"bairenniuniu/brnn_nlg_00007":{"width":86,"height":93},"bairenniuniu/brnn_nlg_00008":{"width":86,"height":93}},"bjl/bjl_baijiale":{"bjl/bjl_baijiale":{"width":118,"height":45}},"bjl/bjl_bi":{"bjl/bjl_bi":{"width":141,"height":116}},"bjl/bjl_jinbi1":{"bjl/bjl_jinbi1":{"width":44,"height":54}},"bjl/bjl_jinbi2":{"bjl/bjl_jinbi2":{"width":32,"height":34}},"bjl/bjl_jinbi3":{"bjl/bjl_jinbi3":{"width":43,"height":49}},"bjl/bjl_xing1":{"bjl/bjl_xing1":{"width":35,"height":33}},"bjl/bjl_xing2":{"bjl/bjl_xing2":{"width":32,"height":32}},"bjl/bjl_xing3":{"bjl/bjl_xing2":{"width":32,"height":32}},"bjl/bjl_zhipai":{"bjl/bjl_zhipai":{"width":132,"height":128}},"bjl/bjl_zhipai2":{"bjl/bjl_zhipai":{"width":132,"height":128}},"ddz/ddz_doudizhu":{"ddz/ddz_doudizhu":{"y":0.01,"width":118,"height":43}},"ddz/ddz_guanxiao":{"ddz/ddz_guanxiao":{"width":157,"height":121}},"ddz/ddz_lian":{"ddz/ddz_lian":{"x":84.05,"y":-9.46,"rotation":-89.1,"width":164,"height":173}},"ddz/ddz_ylz":{"ddz/ddz_ylz":{"width":11,"height":11}},"ddz/ddz_ylz3":{"ddz/ddz_ylz":{"width":11,"height":11}},"ddz/ddz_ylz4":{"ddz/ddz_ylz":{"width":11,"height":11}},"ddz/ddz_ylz5":{"ddz/ddz_ylz":{"width":11,"height":11}},"ddz/ddz_ylz6":{"ddz/ddz_ylz":{"width":11,"height":11}},"ddz/ddz_ylz7":{"ddz/ddz_ylz":{"width":11,"height":11}},"ddz/ddz_ylz8":{"ddz/ddz_ylz":{"width":11,"height":11}},"gangshiwuzhang/gswz_banzi":{"gangshiwuzhang/gswz_banzi":{"width":189,"height":188}},"gangshiwuzhang/gswz_biyan":{"gangshiwuzhang/gswz_biyan":{"x":0.18,"y":0.01,"rotation":-74.44,"width":29,"height":12}},"gangshiwuzhang/gswz_gangshiwuzhang":{"gangshiwuzhang/gswz_gangshiwuzhang":{"y":0.01,"width":152,"height":42}},"gangshiwuzhang/gswz_shengti":{"gangshiwuzhang/gswz_shengti":{"x":55.38,"y":-2.52,"rotation":-94.46,"width":116,"height":119}},"gangshiwuzhang/gswz_shou":{"gangshiwuzhang/gswz_shou":{"x":52.41,"y":-2.59,"rotation":-57.85,"width":65,"height":92}},"gangshiwuzhang/gswz_tou":{"gangshiwuzhang/gswz_tou":{"x":34.46,"y":7.63,"rotation":-74.44,"width":77,"height":74}},"hongzhongmajiang/hzmj_diban":{"hongzhongmajiang/hzmj_diban":{"width":189,"height":188}},"hongzhongmajiang/hzmj_hongzhongmaj":{"hongzhongmajiang/hzmj_hongzhongmaj":{"y":0.01,"width":159,"height":44}},"hongzhongmajiang/hzmj_pai":{"hongzhongmajiang/hzmj_pai":{"x":3.8,"y":-15.26,"width":217,"height":201}},"liuguang":{"liuguang":{"width":128,"height":64}},"liuguang2":{"liuguang":{"width":128,"height":64}},"liuguang3":{"liuguang":{"width":128,"height":64}},"liuguang4":{"liuguang":{"width":128,"height":64}},"liuguang5":{"liuguang":{"width":128,"height":64}},"paodeikuai/pdk_diban":{"paodeikuai/pdk_diban":{"width":189,"height":188}},"paodeikuai/pdk_guang":{"paodeikuai/pdk_guang":{"width":193,"height":192}},"paodeikuai/pdk_paodeikuai":{"paodeikuai/pdk_paodeikuai":{"y":0.01,"width":125,"height":43}},"paodeikuai/pdk_ren":{"paodeikuai/pdk_ren":{"y":2.73,"width":177,"height":149}},"shisanzhang/ssz_lxw":{"shisanzhang/ssz_lxw":{"width":128,"height":128}},"srnn/srnn_niutou":{"srnn/srnn_niutou":{"x":-2.14,"y":-3.62,"width":171,"height":174}},"srnn/srnn_qi":{"srnn/srnn_qi":{"x":5.93,"y":-11.86,"width":33,"height":41}},"srnn/srnn_qi2":{"srnn/srnn_qi":{"x":5.93,"y":-11.86,"width":33,"height":41}},"srnn/srnn_sirenniuniu":{"srnn/srnn_sirenniuniu":{"y":0.01,"width":155,"height":43}},"srnn/srnn_ssx":{"srnn/srnn_ssx":{"width":128,"height":128}},"srnn/srnn_ssx10":{"srnn/srnn_ssx":{"width":128,"height":128}},"srnn/srnn_ssx11":{"srnn/srnn_ssx":{"width":128,"height":128}},"srnn/srnn_ssx12":{"srnn/srnn_ssx":{"width":128,"height":128}},"srnn/srnn_ssx2":{"srnn/srnn_ssx":{"width":128,"height":128}},"srnn/srnn_ssx3":{"srnn/srnn_ssx":{"width":128,"height":128}},"srnn/srnn_ssx4":{"srnn/srnn_ssx":{"width":128,"height":128}},"srnn/srnn_ssx5":{"srnn/srnn_ssx":{"width":128,"height":128}},"srnn/srnn_ssx6":{"srnn/srnn_ssx":{"width":128,"height":128}},"srnn/srnn_ssx7":{"srnn/srnn_ssx":{"width":128,"height":128}},"srnn/srnn_ssx8":{"srnn/srnn_ssx":{"width":128,"height":128}},"srnn/srnn_ssx9":{"srnn/srnn_ssx":{"width":128,"height":128}},"ty_dicengguagn":{"ty_dicengguagn":{"width":259,"height":259}},"ty_dicengguagn2":{"ty_dicengguagn":{"width":259,"height":259}},"ty_dicengguagn3":{"ty_dicengguagn":{"width":259,"height":259}},"ty_dicengguagn4":{"ty_dicengguagn":{"width":259,"height":259}},"ty_ditubiao":{"ty_ditubiao":{"width":232,"height":70}},"ty_ditubiao2":{"ty_ditubiao":{"width":232,"height":70}},"ty_ditubiao3":{"ty_ditubiao":{"width":232,"height":70}},"ty_ditubiao4":{"ty_ditubiao":{"width":232,"height":70}},"ty_shangcengguang":{"ty_shangcengguang":{"width":215,"height":216}},"ty_shangcengguang2":{"ty_shangcengguang":{"width":215,"height":216}},"ty_shangcengguang3":{"ty_shangcengguang":{"width":215,"height":216}},"ty_shangcengguang4":{"ty_shangcengguang":{"width":215,"height":216}},"ty_yuanquan":{"ty_yuanquan":{"width":189,"height":188}},"ty_yuanquan2":{"ty_yuanquan":{"width":189,"height":188}},"ty_yuanquan3":{"ty_yuanquan":{"width":189,"height":188}},"ty_yuanquan4":{"ty_yuanquan":{"width":189,"height":188}},"zhajinhua/hx1":{"zhajinhua/hx1":{"width":60,"height":60},"zhajinhua/hx2":{"width":60,"height":60},"zhajinhua/hx3":{"width":60,"height":60}},"zhajinhua/zjh_a":{"zhajinhua/zjh_a":{"width":62,"height":75}},"zhajinhua/zjh_a2":{"zhajinhua/zjh_a":{"width":62,"height":75}},"zhajinhua/zjh_a3":{"zhajinhua/zjh_a":{"width":62,"height":75}},"zhajinhua/zjh_guang":{"zhajinhua/zjh_guang":{"x":10.81,"y":5.51,"width":110,"height":93}},"zhajinhua/zjh_xin":{"zhajinhua/zjh_xin":{"x":1.26,"width":22,"height":22}},"zhajinhua/zjh_xin2":{"zhajinhua/zjh_xin":{"x":1.26,"width":22,"height":22}},"zhajinhua/zjh_xin3":{"zhajinhua/zjh_xin":{"x":1.26,"width":22,"height":22}},"zhajinhua/zjh_xin4":{"zhajinhua/zjh_xin":{"x":1.26,"width":22,"height":22}},"zhajinhua/zjh_zhadan":{"zhajinhua/zjh_zhadan":{"x":1.22,"y":6.73,"width":80,"height":90}},"zhajinhua/zjh_zhajinhua":{"zhajinhua/zjh_zhajinhua":{"y":0.01,"width":118,"height":42}}}},"animations":{"baijiale":{"slots":{"bjl/bjl_baijiale":{"attachment":[{"time":0,"name":"bjl/bjl_baijiale"}]},"bjl/bjl_bi":{"attachment":[{"time":0,"name":"bjl/bjl_bi"},{"time":1.5,"name":"bjl/bjl_bi"}]},"bjl/bjl_jinbi1":{"attachment":[{"time":0,"name":"bjl/bjl_jinbi1"},{"time":1.5,"name":"bjl/bjl_jinbi1"}]},"bjl/bjl_jinbi2":{"attachment":[{"time":0,"name":"bjl/bjl_jinbi2"},{"time":1.5,"name":"bjl/bjl_jinbi2"}]},"bjl/bjl_jinbi3":{"attachment":[{"time":0,"name":"bjl/bjl_jinbi3"},{"time":1.5,"name":"bjl/bjl_jinbi3"}]},"bjl/bjl_xing1":{"color":[{"time":0,"color":"ffffff00"},{"time":1.1,"color":"fffffffe","curve":"stepped"},{"time":1.9667,"color":"fffffffe"},{"time":3.3333,"color":"ffffff00"}],"attachment":[{"time":0,"name":"bjl/bjl_xing1"},{"time":3.3333,"name":"bjl/bjl_xing1"}]},"bjl/bjl_xing2":{"color":[{"time":0,"color":"ffffff00"},{"time":0.6,"color":"fffffffe"},{"time":1.5,"color":"ffffff00"},{"time":2.4333,"color":"fffffffe"},{"time":3.3333,"color":"ffffff00"}],"attachment":[{"time":0,"name":"bjl/bjl_xing2"},{"time":1.5,"name":"bjl/bjl_xing2"}]},"bjl/bjl_xing3":{"color":[{"time":0,"color":"fffffffe"},{"time":0.6,"color":"ffffff00"},{"time":1.5,"color":"fffffffe"},{"time":2.4333,"color":"ffffff00"},{"time":3.3333,"color":"fffffffe"}],"attachment":[{"time":0,"name":"bjl/bjl_xing2"},{"time":1.5,"name":"bjl/bjl_xing2"}]},"bjl/bjl_zhipai":{"attachment":[{"time":0,"name":"bjl/bjl_zhipai"},{"time":1.5,"name":"bjl/bjl_zhipai"}]},"bjl/bjl_zhipai2":{"color":[{"time":0,"color":"ffffff1c"},{"time":0.6333,"color":"ffffff00"},{"time":2.8333,"color":"ffffff36"},{"time":3.3333,"color":"ffffff1e"}],"attachment":[{"time":0,"name":"bjl/bjl_zhipai"}]},"liuguang":{"color":[{"time":1.5,"color":"ffffff00"},{"time":2.4333,"color":"fffffffe"},{"time":3.3333,"color":"ffffff00"}],"attachment":[{"time":1.5,"name":"liuguang"}]},"ty_dicengguagn":{"color":[{"time":0,"color":"ffffff32"},{"time":1.5,"color":"ffffffc6"},{"time":3.3333,"color":"ffffff32"}],"attachment":[{"time":0,"name":"ty_dicengguagn"}]},"ty_ditubiao":{"attachment":[{"time":0,"name":"ty_ditubiao"},{"time":1.5,"name":"ty_ditubiao"}]},"ty_shangcengguang":{"color":[{"time":0,"color":"ffffff4e"}],"attachment":[{"time":0,"name":"ty_shangcengguang"}]},"ty_yuanquan":{"attachment":[{"time":0,"name":"ty_yuanquan"},{"time":1.5,"name":"ty_yuanquan"}]}},"bones":{"bone":{"rotate":[{"time":0,"angle":0,"curve":"stepped"},{"time":1.5,"angle":0,"curve":"stepped"},{"time":3.3333,"angle":0}],"translate":[{"time":0,"x":0,"y":0},{"time":0.7333,"x":3.98,"y":3.98},{"time":1.5,"x":0,"y":0},{"time":2.4,"x":3.98,"y":3.98},{"time":3.3333,"x":0,"y":0}],"scale":[{"time":0,"x":1,"y":1,"curve":"stepped"},{"time":1.5,"x":1,"y":1,"curve":"stepped"},{"time":3.3333,"x":1,"y":1}]},"bone8":{"rotate":[{"time":0,"angle":0},{"time":1.5,"angle":180},{"time":3.3333,"angle":0}],"translate":[{"time":0,"x":0,"y":0,"curve":"stepped"},{"time":3.3333,"x":0,"y":0}],"scale":[{"time":0,"x":0.5,"y":0.5},{"time":3.3333,"x":1,"y":1}]},"bone4":{"rotate":[{"time":0,"angle":0,"curve":"stepped"},{"time":1.5,"angle":0,"curve":"stepped"},{"time":3.3333,"angle":0}],"translate":[{"time":0,"x":0,"y":0},{"time":0.6,"x":5.75,"y":1.72},{"time":1.5,"x":0,"y":0},{"time":2.4333,"x":5.75,"y":1.72},{"time":3.3333,"x":0,"y":0}],"scale":[{"time":0,"x":1,"y":1},{"time":0.6,"x":1.02,"y":1.02},{"time":1.5,"x":1,"y":1},{"time":2.4333,"x":1.02,"y":1.02},{"time":3.3333,"x":1,"y":1}]},"bone5":{"rotate":[{"time":0,"angle":0,"curve":"stepped"},{"time":0.6,"angle":0,"curve":"stepped"},{"time":1.5,"angle":0,"curve":"stepped"},{"time":2.4333,"angle":0,"curve":"stepped"},{"time":3.3333,"angle":0}],"translate":[{"time":0,"x":0,"y":0},{"time":0.6,"x":4.02,"y":5.03},{"time":1.5,"x":0,"y":0},{"time":2.4333,"x":4.02,"y":5.03},{"time":3.3333,"x":0,"y":0}],"scale":[{"time":0,"x":1,"y":1,"curve":"stepped"},{"time":0.6,"x":1,"y":1,"curve":"stepped"},{"time":1.5,"x":1,"y":1,"curve":"stepped"},{"time":2.4333,"x":1,"y":1,"curve":"stepped"},{"time":3.3333,"x":1,"y":1}]},"bone6":{"rotate":[{"time":0,"angle":0,"curve":"stepped"},{"time":0.6,"angle":0,"curve":"stepped"},{"time":1.5,"angle":0,"curve":"stepped"},{"time":2.4333,"angle":0,"curve":"stepped"},{"time":3.3333,"angle":0}],"translate":[{"time":0,"x":0,"y":0},{"time":0.6,"x":-3.2,"y":2.14},{"time":1.5,"x":0,"y":0},{"time":2.4333,"x":-3.2,"y":2.14},{"time":3.3333,"x":0,"y":0}],"scale":[{"time":0,"x":1,"y":1},{"time":0.6,"x":1.02,"y":1.02},{"time":1.5,"x":1,"y":1},{"time":2.4333,"x":1.02,"y":1.02},{"time":3.3333,"x":1,"y":1}]},"bone9":{"rotate":[{"time":0,"angle":0,"curve":"stepped"},{"time":1.5,"angle":0,"curve":"stepped"},{"time":3.3333,"angle":0}],"translate":[{"time":0,"x":0,"y":0,"curve":"stepped"},{"time":1.5,"x":0,"y":0,"curve":"stepped"},{"time":3.3333,"x":0,"y":0}],"scale":[{"time":0,"x":1,"y":1,"curve":"stepped"},{"time":1.5,"x":1,"y":1,"curve":"stepped"},{"time":3.3333,"x":1,"y":1}]},"bone7":{"rotate":[{"time":0,"angle":0,"curve":"stepped"},{"time":1.5,"angle":0,"curve":"stepped"},{"time":3.3333,"angle":0}],"translate":[{"time":0,"x":0,"y":0},{"time":0.6,"x":-5.36,"y":1.24},{"time":1.5,"x":0,"y":0},{"time":2.4333,"x":-5.36,"y":1.24},{"time":3.3333,"x":0,"y":0}],"scale":[{"time":0,"x":1,"y":1},{"time":0.6,"x":1.02,"y":1.02},{"time":1.5,"x":1,"y":1},{"time":2.4333,"x":1.02,"y":1.02},{"time":3.3333,"x":1,"y":1}]},"bone10":{"rotate":[{"time":0,"angle":0,"curve":"stepped"},{"time":1.5,"angle":0,"curve":"stepped"},{"time":3.3333,"angle":0}],"translate":[{"time":0,"x":0,"y":0,"curve":"stepped"},{"time":1.5,"x":0,"y":0,"curve":"stepped"},{"time":3.3333,"x":0,"y":0}],"scale":[{"time":0,"x":1,"y":1,"curve":"stepped"},{"time":1.5,"x":1,"y":1,"curve":"stepped"},{"time":3.3333,"x":1,"y":1}]},"bone13":{"rotate":[{"time":0,"angle":0},{"time":1.5,"angle":180},{"time":3.3333,"angle":0}],"translate":[{"time":0,"x":0,"y":0,"curve":"stepped"},{"time":3.3333,"x":0,"y":0}],"scale":[{"time":0,"x":1,"y":1,"curve":"stepped"},{"time":3.3333,"x":1,"y":1}]},"bone12":{"rotate":[{"time":0,"angle":0,"curve":"stepped"},{"time":3.3333,"angle":0}],"translate":[{"time":0,"x":0,"y":0,"curve":"stepped"},{"time":3.3333,"x":0,"y":0}],"scale":[{"time":0,"x":1,"y":1},{"time":1.5,"x":1.02,"y":1.02},{"time":3.3333,"x":1,"y":1}]},"bone14":{"rotate":[{"time":1.5,"angle":32,"curve":"stepped"},{"time":2.4333,"angle":32,"curve":"stepped"},{"time":3.3333,"angle":32}],"translate":[{"time":1.5,"x":82.67,"y":-31.21},{"time":3.3333,"x":-20.54,"y":64.9}],"scale":[{"time":1.5,"x":0.5,"y":1},{"time":2.4333,"x":1,"y":1},{"time":3.3333,"x":0.6,"y":1}]},"bone11":{"rotate":[{"time":0,"angle":0,"curve":"stepped"},{"time":0.6333,"angle":0,"curve":"stepped"},{"time":2.8333,"angle":0,"curve":"stepped"},{"time":3.3333,"angle":0}],"translate":[{"time":0,"x":0,"y":0,"curve":"stepped"},{"time":0.6333,"x":0,"y":0,"curve":"stepped"},{"time":2.8333,"x":0,"y":0,"curve":"stepped"},{"time":3.3333,"x":0,"y":0}],"scale":[{"time":0,"x":1.091,"y":1.091},{"time":0.6333,"x":1.2,"y":1.2},{"time":2.8333,"x":1,"y":1},{"time":3.3333,"x":1.086,"y":1.086}]}}},"bairenniuniu":{"slots":{"bairenniuniu/brnn_bai":{"attachment":[{"time":0,"name":"bairenniuniu/brnn_bai"}]},"bairenniuniu/brnn_bairenniuniu":{"attachment":[{"time":0,"name":"bairenniuniu/brnn_bairenniuniu"}]},"bairenniuniu/brnn_guang":{"color":[{"time":0,"color":"fffffffe"}],"attachment":[{"time":0,"name":"bairenniuniu/brnn_guang"}]},"bairenniuniu/brnn_guang2":{"color":[{"time":0,"color":"ffffff94"}],"attachment":[{"time":0,"name":"bairenniuniu/brnn_guang"}]},"bairenniuniu/brnn_lizi":{"color":[{"time":0.5,"color":"ffffff00"},{"time":0.8667,"color":"fffffffe","curve":"stepped"},{"time":1.4,"color":"fffffffe"},{"time":1.7667,"color":"ffffff00","curve":"stepped"},{"time":2.2,"color":"ffffff00"},{"time":2.4333,"color":"fffffffe","curve":"stepped"},{"time":2.7667,"color":"fffffffe"},{"time":3,"color":"ffffff00"}],"attachment":[{"time":0.5,"name":"bairenniuniu/brnn_lizi"},{"time":2.2,"name":"bairenniuniu/brnn_lizi"}]},"bairenniuniu/brnn_lizi2":{"color":[{"time":0,"color":"ffffff00"},{"time":0.3667,"color":"fffffffe","curve":"stepped"},{"time":0.8667,"color":"fffffffe"},{"time":1.2333,"color":"ffffff00","curve":"stepped"},{"time":1.7667,"color":"ffffff00"},{"time":2.1333,"color":"fffffffe","curve":"stepped"},{"time":2.6333,"color":"fffffffe"},{"time":3,"color":"ffffff00"}],"attachment":[{"time":0,"name":"bairenniuniu/brnn_lizi"},{"time":1.7667,"name":"bairenniuniu/brnn_lizi"}]},"bairenniuniu/brnn_lizi3":{"color":[{"time":0.1667,"color":"ffffff00"},{"time":0.5,"color":"fffffffe","curve":"stepped"},{"time":0.9333,"color":"fffffffe"},{"time":1.3,"color":"ffffff00","curve":"stepped"},{"time":1.5,"color":"ffffff00"},{"time":1.8333,"color":"fffffffe","curve":"stepped"},{"time":2.2667,"color":"fffffffe"},{"time":2.6333,"color":"ffffff00"}],"attachment":[{"time":0.1667,"name":"bairenniuniu/brnn_lizi"},{"time":1.5,"name":"bairenniuniu/brnn_lizi"}]},"bairenniuniu/brnn_lizi4":{"color":[{"time":1.5,"color":"ffffff00"},{"time":1.9,"color":"fffffffe","curve":"stepped"},{"time":2.4333,"color":"fffffffe"},{"time":2.8333,"color":"ffffff00"}],"attachment":[{"time":1.5,"name":"bairenniuniu/brnn_lizi"}]},"bairenniuniu/brnn_lizi5":{"color":[{"time":0.1667,"color":"ffffff00"},{"time":0.4333,"color":"fffffffe","curve":"stepped"},{"time":0.7667,"color":"fffffffe"},{"time":1.0333,"color":"ffffff00","curve":"stepped"},{"time":1.8,"color":"ffffff00"},{"time":2.2,"color":"fffffffe","curve":"stepped"},{"time":2.7667,"color":"fffffffe"},{"time":3.1667,"color":"ffffff00"}],"attachment":[{"time":0.1667,"name":"bairenniuniu/brnn_lizi"},{"time":1.8,"name":"bairenniuniu/brnn_lizi"}]},"bairenniuniu/brnn_lizi6":{"color":[{"time":0,"color":"fffffffe"},{"time":0.5,"color":"ffffff00","curve":"stepped"},{"time":2.2,"color":"ffffff00"},{"time":2.7,"color":"fffffffe","curve":"stepped"},{"time":3.3333,"color":"fffffffe"}],"attachment":[{"time":2.2,"name":"bairenniuniu/brnn_lizi"}]},"bairenniuniu/brnn_lizi7":{"color":[{"time":0,"color":"ffffff00"},{"time":0.3667,"color":"fffffffe","curve":"stepped"},{"time":0.8333,"color":"fffffffe"},{"time":1.2,"color":"ffffff00","curve":"stepped"},{"time":2.1333,"color":"ffffff00"},{"time":2.5,"color":"fffffffe","curve":"stepped"},{"time":2.9667,"color":"fffffffe"},{"time":3.3333,"color":"ffffff00"}],"attachment":[{"time":0,"name":"bairenniuniu/brnn_lizi"},{"time":2.1333,"name":"bairenniuniu/brnn_lizi"}]},"bairenniuniu/brnn_lizi8":{"color":[{"time":0,"color":"fffffffe","curve":"stepped"},{"time":0.2,"color":"fffffffe"},{"time":0.5333,"color":"ffffff00","curve":"stepped"},{"time":2.7333,"color":"ffffff00"},{"time":3.1,"color":"fffffffe","curve":"stepped"},{"time":3.3333,"color":"fffffffe"}],"attachment":[{"time":0,"name":"bairenniuniu/brnn_lizi"}]},"bairenniuniu/brnn_niu":{"attachment":[{"time":0,"name":"bairenniuniu/brnn_niu"}]},"bairenniuniu/brnn_nlg_00001":{"attachment":[{"time":2.1667,"name":"bairenniuniu/brnn_nlg_00001"},{"time":2.2667,"name":"bairenniuniu/brnn_nlg_00002"},{"time":2.3667,"name":"bairenniuniu/brnn_nlg_00003"},{"time":2.4667,"name":"bairenniuniu/brnn_nlg_00004"},{"time":2.5667,"name":"bairenniuniu/brnn_nlg_00005"},{"time":2.6667,"name":"bairenniuniu/brnn_nlg_00006"},{"time":2.7667,"name":"bairenniuniu/brnn_nlg_00007"},{"time":2.8667,"name":"bairenniuniu/brnn_nlg_00008"},{"time":2.9667,"name":null}]},"ty_dicengguagn2":{"color":[{"time":0,"color":"ffffff32"},{"time":1.6667,"color":"ffffffc6"},{"time":3.3333,"color":"ffffff32"}],"attachment":[{"time":0,"name":"ty_dicengguagn"}]},"ty_ditubiao2":{"attachment":[{"time":0,"name":"ty_ditubiao"}]},"ty_shangcengguang2":{"color":[{"time":0,"color":"ffffff4e"}],"attachment":[{"time":0,"name":"ty_shangcengguang"}]},"ty_yuanquan2":{"attachment":[{"time":0,"name":"ty_yuanquan"}]}},"bones":{"bone27":{"rotate":[{"time":0,"angle":0},{"time":1.6667,"angle":180},{"time":3.3333,"angle":0}],"translate":[{"time":0,"x":0,"y":0,"curve":"stepped"},{"time":3.3333,"x":0,"y":0}],"scale":[{"time":0,"x":1,"y":1,"curve":"stepped"},{"time":3.3333,"x":1,"y":1}]},"bone26":{"rotate":[{"time":0,"angle":0,"curve":"stepped"},{"time":3.3333,"angle":0}],"translate":[{"time":0,"x":0,"y":0,"curve":"stepped"},{"time":3.3333,"x":0,"y":0}],"scale":[{"time":0,"x":1,"y":1},{"time":1.6667,"x":1.02,"y":1.02},{"time":3.3333,"x":1,"y":1}]},"bone18":{"rotate":[{"time":0,"angle":0,"curve":[0.467,0.2,1,0.81]},{"time":1.6667,"angle":180,"curve":[0,0.25,0.735,0.92]},{"time":3.3333,"angle":0}],"translate":[{"time":0,"x":0,"y":0,"curve":"stepped"},{"time":3.3333,"x":0,"y":0}],"scale":[{"time":0,"x":0.9,"y":0.9},{"time":3.3333,"x":1,"y":1}]},"bone19":{"rotate":[{"time":0,"angle":0},{"time":0.8333,"angle":90},{"time":1.6667,"angle":180},{"time":2.5,"angle":-90},{"time":3.3333,"angle":0}],"translate":[{"time":0,"x":0,"y":0,"curve":"stepped"},{"time":3.3333,"x":0,"y":0}],"scale":[{"time":0,"x":1,"y":1,"curve":"stepped"},{"time":3.3333,"x":1,"y":1}]},"bone21":{"rotate":[{"time":0.5,"angle":0,"curve":"stepped"},{"time":1.1333,"angle":0,"curve":"stepped"},{"time":1.7667,"angle":0,"curve":"stepped"},{"time":2.2,"angle":0,"curve":"stepped"},{"time":2.6,"angle":0,"curve":"stepped"},{"time":3,"angle":0}],"translate":[{"time":0.5,"x":0,"y":0},{"time":1.7667,"x":8.83,"y":6.97},{"time":2.2,"x":0,"y":0},{"time":3,"x":8.83,"y":6.97}],"scale":[{"time":0.5,"x":0.5,"y":0.5},{"time":1.1333,"x":1,"y":1},{"time":1.7667,"x":0.5,"y":0.5,"curve":"stepped"},{"time":2.2,"x":0.5,"y":0.5},{"time":2.6,"x":1,"y":1},{"time":3,"x":0.5,"y":0.5}]},"bone22":{"rotate":[{"time":0,"angle":0,"curve":"stepped"},{"time":0.6,"angle":0,"curve":"stepped"},{"time":1.2333,"angle":0,"curve":"stepped"},{"time":1.7667,"angle":0,"curve":"stepped"},{"time":2.3667,"angle":0,"curve":"stepped"},{"time":3,"angle":0}],"translate":[{"time":0,"x":0,"y":0},{"time":1.2333,"x":-7.37,"y":6.97},{"time":1.7667,"x":0,"y":0},{"time":3,"x":-7.37,"y":6.97}],"scale":[{"time":0,"x":0.5,"y":0.5},{"time":0.6,"x":1,"y":1},{"time":1.2333,"x":0.5,"y":0.5,"curve":"stepped"},{"time":1.7667,"x":0.5,"y":0.5},{"time":2.3667,"x":1,"y":1},{"time":3,"x":0.5,"y":0.5}]},"bone23":{"rotate":[{"time":0.1667,"angle":0,"curve":"stepped"},{"time":0.7333,"angle":0,"curve":"stepped"},{"time":1.3,"angle":0,"curve":"stepped"},{"time":1.5,"angle":0,"curve":"stepped"},{"time":2.0667,"angle":0,"curve":"stepped"},{"time":2.6333,"angle":0}],"translate":[{"time":0.1667,"x":0,"y":0},{"time":1.3,"x":4.11,"y":11.44},{"time":1.5,"x":0,"y":0},{"time":2.6333,"x":4.11,"y":11.44}],"scale":[{"time":0.1667,"x":0.5,"y":0.5},{"time":0.7333,"x":1,"y":1},{"time":1.3,"x":0.5,"y":0.5,"curve":"stepped"},{"time":1.5,"x":0.5,"y":0.5},{"time":2.0667,"x":1,"y":1},{"time":2.6333,"x":0.5,"y":0.5}]},"bone24":{"rotate":[{"time":1.5,"angle":0,"curve":"stepped"},{"time":2.1667,"angle":0,"curve":"stepped"},{"time":2.8333,"angle":0}],"translate":[{"time":1.5,"x":0,"y":0},{"time":2.8333,"x":4.11,"y":11.44}],"scale":[{"time":1.5,"x":0.5,"y":0.5},{"time":2.1667,"x":1,"y":1},{"time":2.8333,"x":0.5,"y":0.5}]},"bone25":{"rotate":[{"time":0.1667,"angle":0,"curve":"stepped"},{"time":0.6,"angle":0,"curve":"stepped"},{"time":1.0333,"angle":0,"curve":"stepped"},{"time":1.8,"angle":0,"curve":"stepped"},{"time":2.5,"angle":0,"curve":"stepped"},{"time":3.1667,"angle":0}],"translate":[{"time":0.1667,"x":0,"y":0},{"time":1.0333,"x":-2.81,"y":11.44},{"time":1.8,"x":0,"y":0},{"time":3.1667,"x":-2.81,"y":11.44}],"scale":[{"time":0.1667,"x":0.5,"y":0.5},{"time":0.6,"x":1,"y":1},{"time":1.0333,"x":0.5,"y":0.5,"curve":"stepped"},{"time":1.8,"x":0.5,"y":0.5},{"time":2.5,"x":1,"y":1},{"time":3.1667,"x":0.5,"y":0.5}]},"bone28":{"rotate":[{"time":0,"angle":0,"curve":"stepped"},{"time":0.5,"angle":0,"curve":"stepped"},{"time":2.2,"angle":0,"curve":"stepped"},{"time":3.0333,"angle":0,"curve":"stepped"},{"time":3.3333,"angle":0}],"translate":[{"time":0,"x":-1.96,"y":8.01},{"time":0.5,"x":-2.81,"y":11.44},{"time":2.2,"x":0,"y":0},{"time":3.3333,"x":-1.91,"y":7.78}],"scale":[{"time":0,"x":0.8,"y":0.8},{"time":0.5,"x":0.5,"y":0.5,"curve":"stepped"},{"time":2.2,"x":0.5,"y":0.5},{"time":3.0333,"x":1,"y":1},{"time":3.3333,"x":0.82,"y":0.82}]},"bone29":{"rotate":[{"time":0,"angle":0,"curve":"stepped"},{"time":0.6,"angle":0,"curve":"stepped"},{"time":1.2,"angle":0,"curve":"stepped"},{"time":2.1333,"angle":0,"curve":"stepped"},{"time":2.7333,"angle":0,"curve":"stepped"},{"time":3.3333,"angle":0}],"translate":[{"time":0,"x":0,"y":0},{"time":1.2,"x":4.11,"y":11.44},{"time":2.1333,"x":0,"y":0},{"time":3.3333,"x":4.11,"y":11.44}],"scale":[{"time":0,"x":0.5,"y":0.5},{"time":0.6,"x":1,"y":1},{"time":1.2,"x":0.5,"y":0.5,"curve":"stepped"},{"time":2.1333,"x":0.5,"y":0.5},{"time":2.7333,"x":1,"y":1},{"time":3.3333,"x":0.5,"y":0.5}]},"bone30":{"rotate":[{"time":0,"angle":0,"curve":"stepped"},{"time":0.5333,"angle":0,"curve":"stepped"},{"time":2.7333,"angle":0,"curve":"stepped"},{"time":3.3333,"angle":0}],"translate":[{"time":0,"x":2.23,"y":6.21},{"time":0.5333,"x":4.11,"y":11.44},{"time":2.7333,"x":0,"y":0},{"time":3.3333,"x":2.23,"y":6.21}],"scale":[{"time":0,"x":0.971,"y":0.971},{"time":0.5333,"x":0.5,"y":0.5,"curve":"stepped"},{"time":2.7333,"x":0.5,"y":0.5},{"time":3.3333,"x":1,"y":1}]}}},"doudizhu":{"slots":{"ddz/ddz_doudizhu":{"attachment":[{"time":0,"name":"ddz/ddz_doudizhu"}]},"ddz/ddz_guanxiao":{"color":[{"time":1.8333,"color":"ffffff00"},{"time":2.3333,"color":"ffffff94"},{"time":2.8333,"color":"ffffff00"}],"attachment":[{"time":1.8333,"name":"ddz/ddz_guanxiao"}]},"ddz/ddz_lian":{"attachment":[{"time":0,"name":"ddz/ddz_lian"}]},"ddz/ddz_ylz":{"color":[{"time":0,"color":"ffffff00"},{"time":1.6667,"color":"fffffffe"},{"time":3.3333,"color":"ffffff00"}],"attachment":[{"time":0,"name":"ddz/ddz_ylz"}]},"ddz/ddz_ylz3":{"color":[{"time":0,"color":"fffffff8"},{"time":1.6333,"color":"ffffff00","curve":"stepped"},{"time":1.6667,"color":"ffffff00"},{"time":3.3333,"color":"fffffffe"}],"attachment":[{"time":0,"name":"ddz/ddz_ylz"}]},"ddz/ddz_ylz4":{"color":[{"time":0,"color":"ffffff7a"},{"time":0.8,"color":"ffffff00","curve":"stepped"},{"time":0.8333,"color":"ffffff00"},{"time":2.5,"color":"fffffffe"},{"time":3.3333,"color":"ffffff7e"}],"attachment":[{"time":0,"name":"ddz/ddz_ylz"}]},"ddz/ddz_ylz5":{"color":[{"time":0,"color":"ffffff00"},{"time":1.6667,"color":"fffffffe"},{"time":3.3333,"color":"ffffff00"}],"attachment":[{"time":0,"name":"ddz/ddz_ylz"}]},"ddz/ddz_ylz6":{"color":[{"time":0,"color":"ffffff84"},{"time":0.8,"color":"fffffffe"},{"time":2.4667,"color":"ffffff00","curve":"stepped"},{"time":2.5,"color":"ffffff00"},{"time":3.3333,"color":"ffffff7e"}],"attachment":[{"time":0,"name":"ddz/ddz_ylz"}]},"ddz/ddz_ylz7":{"color":[{"time":0,"color":"fffffff8"},{"time":1.6333,"color":"ffffff00","curve":"stepped"},{"time":1.6667,"color":"ffffff00"},{"time":3.3333,"color":"fffffffe"}],"attachment":[{"time":0,"name":"ddz/ddz_ylz"}]},"ddz/ddz_ylz8":{"color":[{"time":0,"color":"ffffff7a"},{"time":0.8,"color":"ffffff00","curve":"stepped"},{"time":0.8333,"color":"ffffff00"},{"time":2.5,"color":"fffffffe"},{"time":3.3333,"color":"ffffff7e"}],"attachment":[{"time":0,"name":"ddz/ddz_ylz"}]},"srnn/srnn_ssx8":{"color":[{"time":1.1667,"color":"ffe77100"},{"time":1.3333,"color":"ffe771fe","curve":"stepped"},{"time":2,"color":"ffe771fe"},{"time":2.1667,"color":"ffe77100"}],"attachment":[{"time":1.1667,"name":"srnn/srnn_ssx"},{"time":2.1667,"name":"srnn/srnn_ssx"}]},"ty_dicengguagn4":{"color":[{"time":0,"color":"ffffff32"},{"time":1.6667,"color":"ffffffc6"},{"time":3.3333,"color":"ffffff32"}],"attachment":[{"time":0,"name":"ty_dicengguagn"}]},"ty_ditubiao4":{"attachment":[{"time":0,"name":"ty_ditubiao"}]},"ty_shangcengguang4":{"color":[{"time":0,"color":"ffffff4e"}],"attachment":[{"time":0,"name":"ty_shangcengguang"}]},"ty_yuanquan4":{"attachment":[{"time":0,"name":"ty_yuanquan"}]}},"bones":{"bone49":{"rotate":[{"time":0,"angle":0,"curve":"stepped"},{"time":3.3333,"angle":0}],"translate":[{"time":0,"x":0,"y":0,"curve":"stepped"},{"time":3.3333,"x":0,"y":0}],"scale":[{"time":0,"x":1,"y":1,"curve":"stepped"},{"time":3.3333,"x":1,"y":1}]},"bone50":{"rotate":[{"time":0,"angle":0},{"time":1.6667,"angle":180},{"time":3.3333,"angle":0}],"translate":[{"time":0,"x":0,"y":0,"curve":"stepped"},{"time":3.3333,"x":0,"y":0}],"scale":[{"time":0,"x":1,"y":1,"curve":"stepped"},{"time":3.3333,"x":1,"y":1}]},"bone53":{"rotate":[{"time":0,"angle":0},{"time":0.8333,"angle":1.9},{"time":2.5,"angle":-2.1},{"time":3.3333,"angle":0}],"translate":[{"time":0,"x":0,"y":0},{"time":1.6667,"x":0,"y":-3.26},{"time":3.3333,"x":0,"y":0}],"scale":[{"time":0,"x":1,"y":1,"curve":"stepped"},{"time":3.3333,"x":1,"y":1}]},"bone54":{"rotate":[{"time":1.8333,"angle":0,"curve":"stepped"},{"time":2.8333,"angle":0}],"translate":[{"time":1.8333,"x":-8.82,"y":17.85},{"time":2.8333,"x":41.97,"y":-43.25}],"scale":[{"time":1.8333,"x":1,"y":1,"curve":"stepped"},{"time":2.8333,"x":1,"y":1}]},"bone58":{"rotate":[{"time":1.1667,"angle":0},{"time":2.1667,"angle":180}],"translate":[{"time":1.1667,"x":-35.19,"y":-28.15,"curve":"stepped"},{"time":1.6667,"x":-35.19,"y":-28.15,"curve":"stepped"},{"time":2.1667,"x":-35.19,"y":-28.15}],"scale":[{"time":1.1667,"x":0.333,"y":0.333},{"time":1.6667,"x":1,"y":1},{"time":2.1667,"x":0.333,"y":0.333}]},"yxlz":{"rotate":[{"time":0,"angle":0}],"translate":[{"time":0,"x":0,"y":0},{"time":3.3333,"x":0,"y":42.57}],"scale":[{"time":0,"x":1,"y":1}]},"yxlz3":{"rotate":[{"time":0,"angle":0,"curve":"stepped"},{"time":1.6667,"angle":0,"curve":"stepped"},{"time":3.3333,"angle":0}],"translate":[{"time":0,"x":0,"y":21.71},{"time":1.6333,"x":0,"y":42.57},{"time":1.6667,"x":0,"y":0},{"time":3.3333,"x":0,"y":21.28}],"scale":[{"time":0,"x":1,"y":1,"curve":"stepped"},{"time":1.6667,"x":1,"y":1,"curve":"stepped"},{"time":3.3333,"x":1,"y":1}]},"yxlz4":{"rotate":[{"time":0,"angle":0,"curve":"stepped"},{"time":0.8333,"angle":0,"curve":"stepped"},{"time":3.3333,"angle":0}],"translate":[{"time":0,"x":0,"y":32.35},{"time":0.8,"x":0,"y":42.57},{"time":0.8333,"x":0,"y":0},{"time":3.3333,"x":0,"y":31.93}],"scale":[{"time":0,"x":1,"y":1,"curve":"stepped"},{"time":0.8333,"x":1,"y":1,"curve":"stepped"},{"time":3.3333,"x":1,"y":1}]},"yxlz5":{"rotate":[{"time":0,"angle":0}],"translate":[{"time":0,"x":0,"y":0},{"time":3.3333,"x":0,"y":42.57}],"scale":[{"time":0,"x":1,"y":1}]},"yxlz6":{"rotate":[{"time":2.5,"angle":0,"curve":"stepped"},{"time":3.3333,"angle":0}],"translate":[{"time":0,"x":0,"y":10.64},{"time":2.4667,"x":0,"y":42.57},{"time":2.5,"x":0,"y":0},{"time":3.3333,"x":0,"y":10.64}],"scale":[{"time":2.5,"x":1,"y":1,"curve":"stepped"},{"time":3.3333,"x":1,"y":1}]},"yxlz7":{"rotate":[{"time":0,"angle":0,"curve":"stepped"},{"time":1.6667,"angle":0,"curve":"stepped"},{"time":3.3333,"angle":0}],"translate":[{"time":0,"x":0,"y":21.71},{"time":1.6333,"x":0,"y":42.57},{"time":1.6667,"x":0,"y":0},{"time":3.3333,"x":0,"y":21.28}],"scale":[{"time":0,"x":1,"y":1,"curve":"stepped"},{"time":1.6667,"x":1,"y":1,"curve":"stepped"},{"time":3.3333,"x":1,"y":1}]},"yxlz8":{"rotate":[{"time":0,"angle":0,"curve":"stepped"},{"time":0.8333,"angle":0,"curve":"stepped"},{"time":3.3333,"angle":0}],"translate":[{"time":0,"x":0,"y":32.35},{"time":0.8,"x":0,"y":42.57},{"time":0.8333,"x":0,"y":0},{"time":3.3333,"x":0,"y":31.93}],"scale":[{"time":0,"x":1,"y":1,"curve":"stepped"},{"time":0.8333,"x":1,"y":1,"curve":"stepped"},{"time":3.3333,"x":1,"y":1}]}}},"gangshiwuzhang":{"slots":{"ddz/ddz_doudizhu":{"attachment":[{"time":0,"name":null}]},"ddz/ddz_guanxiao":{"color":[{"time":1.3333,"color":"ffffff00"},{"time":2,"color":"ffffffa0","curve":"stepped"},{"time":2.3333,"color":"ffffffa0"},{"time":3,"color":"ffffff00"}],"attachment":[{"time":1.3333,"name":"ddz/ddz_guanxiao"}]},"ddz/ddz_ylz":{"color":[{"time":0,"color":"ffffff00"},{"time":1.6667,"color":"fffffffe"},{"time":3.3333,"color":"ffffff00"}],"attachment":[{"time":0,"name":"ddz/ddz_ylz"}]},"ddz/ddz_ylz3":{"color":[{"time":0,"color":"fffffff8"},{"time":1.6333,"color":"ffffff00","curve":"stepped"},{"time":1.6667,"color":"ffffff00"},{"time":3.3333,"color":"fffffffe"}],"attachment":[{"time":0,"name":"ddz/ddz_ylz"}]},"ddz/ddz_ylz4":{"color":[{"time":0,"color":"ffffff7a"},{"time":0.8,"color":"ffffff00","curve":"stepped"},{"time":0.8333,"color":"ffffff00"},{"time":2.5,"color":"fffffffe"},{"time":3.3333,"color":"ffffff7e"}],"attachment":[{"time":0,"name":"ddz/ddz_ylz"}]},"ddz/ddz_ylz5":{"color":[{"time":0,"color":"ffffff00"},{"time":1.6667,"color":"fffffffe"},{"time":3.3333,"color":"ffffff00"}],"attachment":[{"time":0,"name":"ddz/ddz_ylz"}]},"ddz/ddz_ylz6":{"color":[{"time":0,"color":"ffffff84"},{"time":0.8,"color":"fffffffe"},{"time":2.4667,"color":"ffffff00","curve":"stepped"},{"time":2.5,"color":"ffffff00"},{"time":3.3333,"color":"ffffff7e"}],"attachment":[{"time":0,"name":"ddz/ddz_ylz"}]},"ddz/ddz_ylz7":{"color":[{"time":0,"color":"fffffff8"},{"time":1.6333,"color":"ffffff00","curve":"stepped"},{"time":1.6667,"color":"ffffff00"},{"time":3.3333,"color":"fffffffe"}],"attachment":[{"time":0,"name":"ddz/ddz_ylz"}]},"ddz/ddz_ylz8":{"color":[{"time":0,"color":"ffffff7a"},{"time":0.8,"color":"ffffff00","curve":"stepped"},{"time":0.8333,"color":"ffffff00"},{"time":2.5,"color":"fffffffe"},{"time":3.3333,"color":"ffffff7e"}],"attachment":[{"time":0,"name":"ddz/ddz_ylz"}]},"gangshiwuzhang/gswz_banzi":{"attachment":[{"time":0,"name":"gangshiwuzhang/gswz_banzi"}]},"gangshiwuzhang/gswz_biyan":{"attachment":[{"time":0,"name":null},{"time":2.5,"name":"gangshiwuzhang/gswz_biyan"},{"time":2.8333,"name":null}]},"gangshiwuzhang/gswz_gangshiwuzhang":{"attachment":[{"time":0,"name":"gangshiwuzhang/gswz_gangshiwuzhang"}]},"gangshiwuzhang/gswz_shengti":{"attachment":[{"time":0,"name":"gangshiwuzhang/gswz_shengti"}]},"gangshiwuzhang/gswz_shou":{"attachment":[{"time":0,"name":"gangshiwuzhang/gswz_shou"}]},"gangshiwuzhang/gswz_tou":{"attachment":[{"time":0,"name":"gangshiwuzhang/gswz_tou"}]},"hongzhongmajiang/hzmj_diban":{"attachment":[{"time":0,"name":null}]},"paodeikuai/pdk_guang":{"attachment":[{"time":0,"name":null}]},"srnn/srnn_ssx8":{"color":[{"time":1.1667,"color":"ffe77100"},{"time":1.3333,"color":"ffe771fe","curve":"stepped"},{"time":2,"color":"ffe771fe"},{"time":2.1667,"color":"ffe77100"}],"attachment":[{"time":1.1667,"name":"srnn/srnn_ssx"},{"time":2.1667,"name":"srnn/srnn_ssx"}]},"ty_dicengguagn4":{"color":[{"time":0,"color":"ffffff32"},{"time":1.6667,"color":"ffffffc6"},{"time":3.3333,"color":"ffffff32"}],"attachment":[{"time":0,"name":"ty_dicengguagn"}]},"ty_ditubiao4":{"attachment":[{"time":0,"name":"ty_ditubiao"}]},"ty_shangcengguang4":{"color":[{"time":0,"color":"ffffff4e"}],"attachment":[{"time":0,"name":"ty_shangcengguang"}]},"ty_yuanquan4":{"attachment":[{"time":0,"name":null}]}},"bones":{"bone49":{"rotate":[{"time":0,"angle":0,"curve":"stepped"},{"time":3.3333,"angle":0}],"translate":[{"time":0,"x":0,"y":0,"curve":"stepped"},{"time":3.3333,"x":0,"y":0}],"scale":[{"time":0,"x":1,"y":1,"curve":"stepped"},{"time":3.3333,"x":1,"y":1}]},"bone50":{"rotate":[{"time":0,"angle":0},{"time":1.6667,"angle":180},{"time":3.3333,"angle":0}],"translate":[{"time":0,"x":0,"y":0,"curve":"stepped"},{"time":3.3333,"x":0,"y":0}],"scale":[{"time":0,"x":1,"y":1,"curve":"stepped"},{"time":3.3333,"x":1,"y":1}]},"bone54":{"rotate":[{"time":1.3333,"angle":0,"curve":"stepped"},{"time":3,"angle":0}],"translate":[{"time":1.3333,"x":-26.65,"y":37.17},{"time":3,"x":86.21,"y":-65.55}],"scale":[{"time":1.3333,"x":1,"y":1,"curve":"stepped"},{"time":3,"x":1,"y":1}]},"bone58":{"rotate":[{"time":1.1667,"angle":0},{"time":2.1667,"angle":180}],"translate":[{"time":1.1667,"x":-78.41,"y":78.32,"curve":"stepped"},{"time":2.1667,"x":-78.41,"y":78.32}],"scale":[{"time":1.1667,"x":0.333,"y":0.333},{"time":1.6667,"x":1,"y":1},{"time":2.1667,"x":0.333,"y":0.333}]},"yxlz":{"rotate":[{"time":0,"angle":0}],"translate":[{"time":0,"x":67.08,"y":0},{"time":3.3333,"x":67.08,"y":42.57}],"scale":[{"time":0,"x":1,"y":1}]},"yxlz3":{"rotate":[{"time":0,"angle":0,"curve":"stepped"},{"time":1.6667,"angle":0,"curve":"stepped"},{"time":3.3333,"angle":0}],"translate":[{"time":0,"x":0,"y":21.71},{"time":1.6333,"x":0,"y":42.57},{"time":1.6667,"x":0,"y":0},{"time":3.3333,"x":0,"y":21.28}],"scale":[{"time":0,"x":1,"y":1,"curve":"stepped"},{"time":1.6667,"x":1,"y":1,"curve":"stepped"},{"time":3.3333,"x":1,"y":1}]},"yxlz4":{"rotate":[{"time":0,"angle":0,"curve":"stepped"},{"time":0.8333,"angle":0,"curve":"stepped"},{"time":3.3333,"angle":0}],"translate":[{"time":0,"x":29.25,"y":32.35},{"time":0.8,"x":29.25,"y":42.57},{"time":0.8333,"x":29.25,"y":0},{"time":3.3333,"x":29.25,"y":31.93}],"scale":[{"time":0,"x":1,"y":1,"curve":"stepped"},{"time":0.8333,"x":1,"y":1,"curve":"stepped"},{"time":3.3333,"x":1,"y":1}]},"yxlz5":{"rotate":[{"time":0,"angle":0}],"translate":[{"time":0,"x":0,"y":0},{"time":3.3333,"x":0,"y":42.57}],"scale":[{"time":0,"x":1,"y":1}]},"yxlz6":{"rotate":[{"time":2.5,"angle":0,"curve":"stepped"},{"time":3.3333,"angle":0}],"translate":[{"time":0,"x":0,"y":10.64},{"time":2.4667,"x":0,"y":42.57},{"time":2.5,"x":0,"y":0},{"time":3.3333,"x":0,"y":10.64}],"scale":[{"time":2.5,"x":1,"y":1,"curve":"stepped"},{"time":3.3333,"x":1,"y":1}]},"yxlz7":{"rotate":[{"time":0,"angle":0,"curve":"stepped"},{"time":1.6667,"angle":0,"curve":"stepped"},{"time":3.3333,"angle":0}],"translate":[{"time":0,"x":-38.24,"y":21.71},{"time":1.6333,"x":-38.24,"y":42.57},{"time":1.6667,"x":-38.24,"y":0},{"time":3.3333,"x":-38.24,"y":21.28}],"scale":[{"time":0,"x":1,"y":1,"curve":"stepped"},{"time":1.6667,"x":1,"y":1,"curve":"stepped"},{"time":3.3333,"x":1,"y":1}]},"yxlz8":{"rotate":[{"time":0,"angle":0,"curve":"stepped"},{"time":0.8333,"angle":0,"curve":"stepped"},{"time":3.3333,"angle":0}],"translate":[{"time":0,"x":0,"y":32.35},{"time":0.8,"x":0,"y":42.57},{"time":0.8333,"x":0,"y":0},{"time":3.3333,"x":0,"y":31.93}],"scale":[{"time":0,"x":1,"y":1,"curve":"stepped"},{"time":0.8333,"x":1,"y":1,"curve":"stepped"},{"time":3.3333,"x":1,"y":1}]},"bone94":{"rotate":[{"time":0,"angle":0},{"time":0.8333,"angle":1.23},{"time":1.6667,"angle":0},{"time":2.5,"angle":-1.47},{"time":3.3333,"angle":0}],"translate":[{"time":0,"x":0,"y":0,"curve":"stepped"},{"time":1.6667,"x":0,"y":0,"curve":"stepped"},{"time":3.3333,"x":0,"y":0}],"scale":[{"time":0,"x":1,"y":1,"curve":"stepped"},{"time":1.6667,"x":1,"y":1,"curve":"stepped"},{"time":3.3333,"x":1,"y":1}]},"bone93":{"rotate":[{"time":0,"angle":0},{"time":1.6667,"angle":-0.21},{"time":3.3333,"angle":0}],"translate":[{"time":0,"x":0,"y":0},{"time":1.6667,"x":0,"y":-3.69},{"time":3.3333,"x":0,"y":0}],"scale":[{"time":0,"x":1,"y":1,"curve":"stepped"},{"time":3.3333,"x":1,"y":1}]},"bone95":{"rotate":[{"time":0,"angle":0},{"time":0.8333,"angle":-2.04},{"time":1.6667,"angle":0},{"time":2.5,"angle":2.9},{"time":3.3333,"angle":0}],"translate":[{"time":0,"x":0,"y":0,"curve":"stepped"},{"time":1.6667,"x":0,"y":0,"curve":"stepped"},{"time":3.3333,"x":0,"y":0}],"scale":[{"time":0,"x":1,"y":1,"curve":"stepped"},{"time":1.6667,"x":1,"y":1,"curve":"stepped"},{"time":3.3333,"x":1,"y":1}]}},"drawOrder":[{"time":0,"offsets":[{"slot":"ddz/ddz_ylz","offset":-50},{"slot":"ddz/ddz_ylz5","offset":-50},{"slot":"ddz/ddz_ylz4","offset":-50},{"slot":"ddz/ddz_ylz8","offset":-50},{"slot":"ddz/ddz_ylz3","offset":-50},{"slot":"ddz/ddz_ylz7","offset":-50},{"slot":"ddz/ddz_ylz6","offset":-50}]}]},"hongzhongmajiang":{"slots":{"ddz/ddz_doudizhu":{"attachment":[{"time":0,"name":null}]},"ddz/ddz_guanxiao":{"color":[{"time":1.8333,"color":"ffffff00"},{"time":2.3333,"color":"ffffff94"},{"time":2.8333,"color":"ffffff00"}],"attachment":[{"time":1.8333,"name":"ddz/ddz_guanxiao"}]},"ddz/ddz_lian":{"attachment":[{"time":0,"name":null}]},"ddz/ddz_ylz":{"color":[{"time":0,"color":"ffffff00"},{"time":1.6667,"color":"fffffffe"},{"time":3.3333,"color":"ffffff00"}],"attachment":[{"time":0,"name":"ddz/ddz_ylz"}]},"ddz/ddz_ylz3":{"color":[{"time":0,"color":"fffffff8"},{"time":1.6333,"color":"ffffff00","curve":"stepped"},{"time":1.6667,"color":"ffffff00"},{"time":3.3333,"color":"fffffffe"}],"attachment":[{"time":0,"name":"ddz/ddz_ylz"}]},"ddz/ddz_ylz4":{"color":[{"time":0,"color":"ffffff7a"},{"time":0.8,"color":"ffffff00","curve":"stepped"},{"time":0.8333,"color":"ffffff00"},{"time":2.5,"color":"fffffffe"},{"time":3.3333,"color":"ffffff7e"}],"attachment":[{"time":0,"name":"ddz/ddz_ylz"}]},"ddz/ddz_ylz5":{"color":[{"time":0,"color":"ffffff00"},{"time":1.6667,"color":"fffffffe"},{"time":3.3333,"color":"ffffff00"}],"attachment":[{"time":0,"name":"ddz/ddz_ylz"}]},"ddz/ddz_ylz6":{"color":[{"time":0,"color":"ffffff84"},{"time":0.8,"color":"fffffffe"},{"time":2.4667,"color":"ffffff00","curve":"stepped"},{"time":2.5,"color":"ffffff00"},{"time":3.3333,"color":"ffffff7e"}],"attachment":[{"time":0,"name":"ddz/ddz_ylz"}]},"ddz/ddz_ylz7":{"color":[{"time":0,"color":"fffffff8"},{"time":1.6333,"color":"ffffff00","curve":"stepped"},{"time":1.6667,"color":"ffffff00"},{"time":3.3333,"color":"fffffffe"}],"attachment":[{"time":0,"name":"ddz/ddz_ylz"}]},"ddz/ddz_ylz8":{"color":[{"time":0,"color":"ffffff7a"},{"time":0.8,"color":"ffffff00","curve":"stepped"},{"time":0.8333,"color":"ffffff00"},{"time":2.5,"color":"fffffffe"},{"time":3.3333,"color":"ffffff7e"}],"attachment":[{"time":0,"name":"ddz/ddz_ylz"}]},"hongzhongmajiang/hzmj_diban":{"attachment":[{"time":0,"name":"hongzhongmajiang/hzmj_diban"}]},"hongzhongmajiang/hzmj_hongzhongmaj":{"attachment":[{"time":0,"name":"hongzhongmajiang/hzmj_hongzhongmaj"}]},"hongzhongmajiang/hzmj_pai":{"attachment":[{"time":0,"name":"hongzhongmajiang/hzmj_pai"}]},"srnn/srnn_ssx8":{"color":[{"time":1.1667,"color":"ffe77100"},{"time":1.3333,"color":"ffe771fe","curve":"stepped"},{"time":2,"color":"ffe771fe"},{"time":2.1667,"color":"ffe77100"}],"attachment":[{"time":1.1667,"name":"srnn/srnn_ssx"},{"time":2.1667,"name":"srnn/srnn_ssx"}]},"ty_dicengguagn4":{"color":[{"time":0,"color":"ffffff32"},{"time":1.6667,"color":"ffffffc6"},{"time":3.3333,"color":"ffffff32"}],"attachment":[{"time":0,"name":"ty_dicengguagn"}]},"ty_ditubiao4":{"attachment":[{"time":0,"name":"ty_ditubiao"}]},"ty_shangcengguang4":{"color":[{"time":0,"color":"ffffff4e"}],"attachment":[{"time":0,"name":"ty_shangcengguang"}]},"ty_yuanquan4":{"attachment":[{"time":0,"name":null}]}},"bones":{"bone49":{"rotate":[{"time":0,"angle":0,"curve":"stepped"},{"time":3.3333,"angle":0}],"translate":[{"time":0,"x":0,"y":0,"curve":"stepped"},{"time":3.3333,"x":0,"y":0}],"scale":[{"time":0,"x":1,"y":1,"curve":"stepped"},{"time":3.3333,"x":1,"y":1}]},"bone50":{"rotate":[{"time":0,"angle":0},{"time":1.6667,"angle":180},{"time":3.3333,"angle":0}],"translate":[{"time":0,"x":0,"y":0,"curve":"stepped"},{"time":3.3333,"x":0,"y":0}],"scale":[{"time":0,"x":1,"y":1,"curve":"stepped"},{"time":3.3333,"x":1,"y":1}]},"bone53":{"rotate":[{"time":0,"angle":0},{"time":0.8333,"angle":1.9},{"time":2.5,"angle":-2.1},{"time":3.3333,"angle":0}],"translate":[{"time":0,"x":0,"y":0},{"time":1.6667,"x":0,"y":-3.26},{"time":3.3333,"x":0,"y":0}],"scale":[{"time":0,"x":1,"y":1,"curve":"stepped"},{"time":3.3333,"x":1,"y":1}]},"bone54":{"rotate":[{"time":1.8333,"angle":0,"curve":"stepped"},{"time":2.8333,"angle":0}],"translate":[{"time":1.8333,"x":-8.82,"y":17.85},{"time":2.8333,"x":41.97,"y":-43.25}],"scale":[{"time":1.8333,"x":1,"y":1,"curve":"stepped"},{"time":2.8333,"x":1,"y":1}]},"bone58":{"rotate":[{"time":1.1667,"angle":0},{"time":2.1667,"angle":180}],"translate":[{"time":1.1667,"x":-16.83,"y":69.04,"curve":"stepped"},{"time":2.1667,"x":-16.83,"y":69.04}],"scale":[{"time":1.1667,"x":0.333,"y":0.333},{"time":1.6667,"x":1,"y":1},{"time":2.1667,"x":0.333,"y":0.333}]},"yxlz":{"rotate":[{"time":0,"angle":0}],"translate":[{"time":0,"x":0,"y":0},{"time":3.3333,"x":0,"y":42.57}],"scale":[{"time":0,"x":1,"y":1}]},"yxlz3":{"rotate":[{"time":0,"angle":0,"curve":"stepped"},{"time":1.6667,"angle":0,"curve":"stepped"},{"time":3.3333,"angle":0}],"translate":[{"time":0,"x":0,"y":21.71},{"time":1.6333,"x":0,"y":42.57},{"time":1.6667,"x":0,"y":0},{"time":3.3333,"x":0,"y":21.28}],"scale":[{"time":0,"x":1,"y":1,"curve":"stepped"},{"time":1.6667,"x":1,"y":1,"curve":"stepped"},{"time":3.3333,"x":1,"y":1}]},"yxlz4":{"rotate":[{"time":0,"angle":0,"curve":"stepped"},{"time":0.8333,"angle":0,"curve":"stepped"},{"time":3.3333,"angle":0}],"translate":[{"time":0,"x":0,"y":32.35},{"time":0.8,"x":0,"y":42.57},{"time":0.8333,"x":0,"y":0},{"time":3.3333,"x":0,"y":31.93}],"scale":[{"time":0,"x":1.667,"y":1.667}]},"yxlz5":{"rotate":[{"time":0,"angle":0}],"translate":[{"time":0,"x":0,"y":0},{"time":3.3333,"x":0,"y":42.57}],"scale":[{"time":0,"x":1,"y":1}]},"yxlz6":{"rotate":[{"time":2.5,"angle":0,"curve":"stepped"},{"time":3.3333,"angle":0}],"translate":[{"time":0,"x":21.91,"y":10.64},{"time":2.4667,"x":21.91,"y":42.57},{"time":2.5,"x":21.91,"y":0},{"time":3.3333,"x":21.91,"y":10.64}],"scale":[{"time":0,"x":2.5,"y":2.5}]},"yxlz7":{"rotate":[{"time":0,"angle":0,"curve":"stepped"},{"time":1.6667,"angle":0,"curve":"stepped"},{"time":3.3333,"angle":0}],"translate":[{"time":0,"x":0,"y":21.71},{"time":1.6333,"x":0,"y":42.57},{"time":1.6667,"x":0,"y":0},{"time":3.3333,"x":0,"y":21.28}],"scale":[{"time":0,"x":1.667,"y":1.667}]},"yxlz8":{"rotate":[{"time":0,"angle":0,"curve":"stepped"},{"time":0.8333,"angle":0,"curve":"stepped"},{"time":3.3333,"angle":0}],"translate":[{"time":0,"x":0,"y":32.35},{"time":0.8,"x":0,"y":42.57},{"time":0.8333,"x":0,"y":0},{"time":3.3333,"x":0,"y":31.93}],"scale":[{"time":0,"x":1,"y":1,"curve":"stepped"},{"time":0.8333,"x":1,"y":1,"curve":"stepped"},{"time":3.3333,"x":1,"y":1}]},"niu3":{"rotate":[{"time":0,"angle":0,"curve":"stepped"},{"time":3.3333,"angle":0}],"translate":[{"time":0,"x":0,"y":0},{"time":1.6667,"x":0,"y":-5.64},{"time":3.3333,"x":0,"y":0}],"scale":[{"time":0,"x":1,"y":1},{"time":1.6667,"x":1.02,"y":1},{"time":3.3333,"x":1,"y":1}]}}},"paodeikuai":{"slots":{"paodeikuai/pdk_diban":{"attachment":[{"time":0,"name":"paodeikuai/pdk_diban"}]},"paodeikuai/pdk_guang":{"attachment":[{"time":0,"name":"paodeikuai/pdk_guang"}]},"paodeikuai/pdk_paodeikuai":{"attachment":[{"time":0,"name":"paodeikuai/pdk_paodeikuai"}]},"paodeikuai/pdk_ren":{"attachment":[{"time":0,"name":"paodeikuai/pdk_ren"}]},"srnn/srnn_sirenniuniu":{"attachment":[{"time":0,"name":null}]},"srnn/srnn_ssx7":{"color":[{"time":0,"color":"ffe77100"},{"time":0.8333,"color":"ffe771fe"},{"time":1.6667,"color":"ffe77100"}],"attachment":[{"time":0,"name":"srnn/srnn_ssx"}]},"srnn/srnn_ssx8":{"color":[{"time":0.6667,"color":"ffe77100"},{"time":1.5,"color":"ffe771fe"},{"time":2.3333,"color":"ffe77100"}],"attachment":[{"time":0.6667,"name":"srnn/srnn_ssx"}]},"srnn/srnn_ssx9":{"color":[{"time":1.2667,"color":"ffe77100"},{"time":2.1,"color":"ffe771fe"},{"time":2.9333,"color":"ffe77100"}],"attachment":[{"time":1.2667,"name":"srnn/srnn_ssx"}]},"srnn/srnn_ssx10":{"color":[{"time":0.1667,"color":"ffe77100"},{"time":1,"color":"ffe771fe"},{"time":1.8333,"color":"ffe77100","curve":"stepped"},{"time":1.9,"color":"ffe77100"},{"time":2.6667,"color":"ffe771fe"},{"time":3.3333,"color":"ffe77100"}],"attachment":[{"time":0.1667,"name":"srnn/srnn_ssx"},{"time":1.9,"name":"srnn/srnn_ssx"}]},"srnn/srnn_ssx11":{"color":[{"time":0,"color":"ffe771f4"},{"time":0.8,"color":"ffe77100","curve":"stepped"},{"time":2.4667,"color":"ffe77100"},{"time":3.3,"color":"ffe771fe"}],"attachment":[{"time":0,"name":"srnn/srnn_ssx"}]},"srnn/srnn_ssx12":{"color":[{"time":0.4,"color":"ffe77100"},{"time":1.2333,"color":"ffe771fe"},{"time":2.0667,"color":"ffe77100"}],"attachment":[{"time":0.4,"name":"srnn/srnn_ssx"}]},"ty_dicengguagn4":{"color":[{"time":0,"color":"ffffff32"},{"time":1.6667,"color":"ffffffc6"},{"time":3.3333,"color":"ffffff32"}],"attachment":[{"time":0,"name":"ty_dicengguagn"}]},"ty_ditubiao4":{"attachment":[{"time":0,"name":"ty_ditubiao"}]},"ty_shangcengguang4":{"color":[{"time":0,"color":"ffffff4e","curve":"stepped"},{"time":3.3333,"color":"ffffff4e"}],"attachment":[{"time":0,"name":"ty_shangcengguang"}]},"ty_yuanquan4":{"attachment":[{"time":0,"name":null}]}},"bones":{"bone50":{"rotate":[{"time":0,"angle":0},{"time":1.6667,"angle":180},{"time":3.3333,"angle":0}],"translate":[{"time":0,"x":0,"y":0,"curve":"stepped"},{"time":3.3333,"x":0,"y":0}],"scale":[{"time":0,"x":1,"y":1,"curve":"stepped"},{"time":3.3333,"x":1,"y":1}]},"bone49":{"rotate":[{"time":0,"angle":0,"curve":"stepped"},{"time":1.6667,"angle":0,"curve":"stepped"},{"time":3.3333,"angle":0}],"translate":[{"time":0,"x":0,"y":0,"curve":"stepped"},{"time":1.6667,"x":0,"y":0,"curve":"stepped"},{"time":3.3333,"x":0,"y":0}],"scale":[{"time":0,"x":1,"y":1,"curve":"stepped"},{"time":1.6667,"x":1,"y":1,"curve":"stepped"},{"time":3.3333,"x":1,"y":1}]},"niu3":{"rotate":[{"time":0,"angle":0,"curve":"stepped"},{"time":3.3333,"angle":0}],"translate":[{"time":0,"x":0,"y":0},{"time":1.6667,"x":0,"y":-5.53},{"time":3.3333,"x":0,"y":0}],"scale":[{"time":0,"x":1,"y":1,"curve":"stepped"},{"time":3.3333,"x":1,"y":1}]},"bone57":{"rotate":[{"time":0,"angle":0,"curve":"stepped"},{"time":0.8333,"angle":0,"curve":"stepped"},{"time":1.6667,"angle":0}],"translate":[{"time":0,"x":0,"y":0,"curve":"stepped"},{"time":0.8333,"x":0,"y":0,"curve":"stepped"},{"time":1.6667,"x":0,"y":0}],"scale":[{"time":0,"x":0.5,"y":0.5},{"time":0.8333,"x":1,"y":1},{"time":1.6667,"x":0.5,"y":0.5}]},"bone58":{"rotate":[{"time":0.6667,"angle":0,"curve":"stepped"},{"time":1.5,"angle":0,"curve":"stepped"},{"time":2.3333,"angle":0}],"translate":[{"time":0.6667,"x":0,"y":0,"curve":"stepped"},{"time":1.5,"x":0,"y":0,"curve":"stepped"},{"time":2.3333,"x":0,"y":0}],"scale":[{"time":0.6667,"x":0.5,"y":0.5},{"time":1.5,"x":1,"y":1},{"time":2.3333,"x":0.5,"y":0.5}]},"bone59":{"rotate":[{"time":1.2667,"angle":0,"curve":"stepped"},{"time":2.1,"angle":0,"curve":"stepped"},{"time":2.9333,"angle":0}],"translate":[{"time":1.2667,"x":0,"y":0,"curve":"stepped"},{"time":2.1,"x":0,"y":0,"curve":"stepped"},{"time":2.9333,"x":0,"y":0}],"scale":[{"time":1.2667,"x":0.5,"y":0.5},{"time":2.1,"x":1,"y":1},{"time":2.9333,"x":0.5,"y":0.5}]},"bone60":{"rotate":[{"time":0.1667,"angle":0,"curve":"stepped"},{"time":1,"angle":0,"curve":"stepped"},{"time":1.8333,"angle":0,"curve":"stepped"},{"time":1.9,"angle":0,"curve":"stepped"},{"time":2.6667,"angle":0,"curve":"stepped"},{"time":3.3333,"angle":0}],"translate":[{"time":0.1667,"x":0,"y":0,"curve":"stepped"},{"time":1,"x":0,"y":0,"curve":"stepped"},{"time":1.8333,"x":0,"y":0,"curve":"stepped"},{"time":1.9,"x":0,"y":0,"curve":"stepped"},{"time":2.6667,"x":0,"y":0,"curve":"stepped"},{"time":3.3333,"x":0,"y":0}],"scale":[{"time":0.1667,"x":0.5,"y":0.5},{"time":1,"x":1,"y":1},{"time":1.8333,"x":0.5,"y":0.5,"curve":"stepped"},{"time":1.9,"x":0.5,"y":0.5},{"time":2.6667,"x":1,"y":1},{"time":3.3333,"x":0.5,"y":0.5}]},"bone61":{"rotate":[{"time":0,"angle":0,"curve":"stepped"},{"time":0.8,"angle":0,"curve":"stepped"},{"time":2.4667,"angle":0,"curve":"stepped"},{"time":3.3,"angle":0}],"translate":[{"time":0,"x":0,"y":0,"curve":"stepped"},{"time":0.8,"x":0,"y":0,"curve":"stepped"},{"time":2.4667,"x":0,"y":0,"curve":"stepped"},{"time":3.3,"x":0,"y":0}],"scale":[{"time":0,"x":0.98,"y":0.98},{"time":0.8,"x":0.5,"y":0.5,"curve":"stepped"},{"time":2.4667,"x":0.5,"y":0.5},{"time":3.3,"x":1,"y":1}]},"bone62":{"rotate":[{"time":0.4,"angle":0,"curve":"stepped"},{"time":1.2333,"angle":0,"curve":"stepped"},{"time":2.0667,"angle":0}],"translate":[{"time":0.4,"x":0,"y":0,"curve":"stepped"},{"time":1.2333,"x":0,"y":0,"curve":"stepped"},{"time":2.0667,"x":0,"y":0}],"scale":[{"time":0.4,"x":0.5,"y":0.5},{"time":1.2333,"x":1,"y":1},{"time":2.0667,"x":0.5,"y":0.5}]},"bone92":{"rotate":[{"time":0,"angle":0},{"time":1.6667,"angle":180},{"time":3.3333,"angle":0}],"translate":[{"time":0,"x":0,"y":0,"curve":"stepped"},{"time":3.3333,"x":0,"y":0}],"scale":[{"time":0,"x":1,"y":1,"curve":"stepped"},{"time":3.3333,"x":1,"y":1}]}}},"sirenniuniu":{"slots":{"liuguang2":{"color":[{"time":0,"color":"ffffff0a"},{"time":0.8,"color":"fffffffe"},{"time":1.6333,"color":"ffffff00","curve":"stepped"},{"time":1.6667,"color":"ffffff00"},{"time":2.5,"color":"fffffffe"},{"time":3.3333,"color":"ffffff00"}],"attachment":[{"time":0,"name":"liuguang"}]},"liuguang3":{"color":[{"time":0,"color":"ffffff00"},{"time":0.8333,"color":"fffffffe"},{"time":1.6667,"color":"ffffff00"},{"time":2.5,"color":"fffffffe"},{"time":3.3333,"color":"ffffff00"}],"attachment":[{"time":0,"name":"liuguang"},{"time":1.6667,"name":"liuguang"}]},"liuguang4":{"color":[{"time":0,"color":"fffffff4"},{"time":0.8,"color":"ffffff00"},{"time":1.6333,"color":"fffffffe"},{"time":2.4667,"color":"ffffff00","curve":"stepped"},{"time":2.5,"color":"ffffff00"},{"time":3.3333,"color":"fffffffe"}],"attachment":[{"time":0,"name":"liuguang"},{"time":0.8,"name":"liuguang"}]},"liuguang5":{"color":[{"time":0,"color":"fffffff4"},{"time":0.8,"color":"ffffff00","curve":"stepped"},{"time":0.8333,"color":"ffffff00"},{"time":1.6667,"color":"fffffffe"},{"time":2.5,"color":"ffffff00"},{"time":3.3333,"color":"fffffffe"}],"attachment":[{"time":0,"name":"liuguang"},{"time":0.8333,"name":"liuguang"}]},"srnn/srnn_niutou":{"attachment":[{"time":0,"name":"srnn/srnn_niutou"}]},"srnn/srnn_qi":{"color":[{"time":0,"color":"ffffff00"},{"time":0.2667,"color":"fffffffe","curve":"stepped"},{"time":0.4,"color":"fffffffe"},{"time":0.6667,"color":"ffffff00"}],"attachment":[{"time":0,"name":"srnn/srnn_qi"}]},"srnn/srnn_qi2":{"color":[{"time":0,"color":"ffffff00"},{"time":0.2667,"color":"fffffffe","curve":"stepped"},{"time":0.4,"color":"fffffffe"},{"time":0.6667,"color":"ffffff00"}],"attachment":[{"time":0,"name":"srnn/srnn_qi"}]},"srnn/srnn_sirenniuniu":{"attachment":[{"time":0,"name":"srnn/srnn_sirenniuniu"}]},"srnn/srnn_ssx":{"color":[{"time":0,"color":"ffe77100"},{"time":1,"color":"ffe771fe"},{"time":2,"color":"ffe77100"}],"attachment":[{"time":0,"name":"srnn/srnn_ssx"}]},"srnn/srnn_ssx2":{"color":[{"time":0.5,"color":"ffe77100"},{"time":1.5,"color":"ffe771fe"},{"time":2.5,"color":"ffe77100"}],"attachment":[{"time":0.5,"name":"srnn/srnn_ssx"}]},"srnn/srnn_ssx3":{"color":[{"time":1,"color":"ffe77100"},{"time":2,"color":"ffe771fe"},{"time":3,"color":"ffe77100"}],"attachment":[{"time":1,"name":"srnn/srnn_ssx"}]},"srnn/srnn_ssx4":{"color":[{"time":1.3333,"color":"ffe77100"},{"time":2.3333,"color":"ffe771fe"},{"time":3.3333,"color":"ffe77100"}],"attachment":[{"time":1.3333,"name":"srnn/srnn_ssx"}]},"srnn/srnn_ssx5":{"color":[{"time":0.8333,"color":"ffe77100"},{"time":1.8333,"color":"ffe771fe"},{"time":2.8333,"color":"ffe77100"}],"attachment":[{"time":0.8333,"name":"srnn/srnn_ssx"}]},"srnn/srnn_ssx6":{"color":[{"time":0.8333,"color":"ffe77100"},{"time":1.8333,"color":"ffe771fe"},{"time":2.8333,"color":"ffe77100"}],"attachment":[{"time":0.8333,"name":"srnn/srnn_ssx"}]},"ty_dicengguagn3":{"color":[{"time":0,"color":"ffffff32"},{"time":1.6667,"color":"ffffffc6"},{"time":3.3333,"color":"ffffff32"}],"attachment":[{"time":0,"name":"ty_dicengguagn"}]},"ty_ditubiao3":{"attachment":[{"time":0,"name":"ty_ditubiao"}]},"ty_shangcengguang3":{"color":[{"time":0,"color":"ffffff4e","curve":"stepped"},{"time":1.6667,"color":"ffffff4e","curve":"stepped"},{"time":3.3333,"color":"ffffff4e"}],"attachment":[{"time":0,"name":"ty_shangcengguang"}]},"ty_yuanquan3":{"attachment":[{"time":0,"name":"ty_yuanquan"}]}},"bones":{"bone42":{"rotate":[{"time":0,"angle":0,"curve":"stepped"},{"time":3.3333,"angle":0}],"translate":[{"time":0,"x":0,"y":0,"curve":"stepped"},{"time":3.3333,"x":0,"y":0}],"scale":[{"time":0,"x":1,"y":1},{"time":1.6667,"x":1.02,"y":1.02},{"time":3.3333,"x":1,"y":1}]},"bone43":{"rotate":[{"time":0,"angle":0},{"time":1.6667,"angle":180},{"time":3.3333,"angle":0}],"translate":[{"time":0,"x":0,"y":0,"curve":"stepped"},{"time":3.3333,"x":0,"y":0}],"scale":[{"time":0,"x":1,"y":1,"curve":"stepped"},{"time":3.3333,"x":1,"y":1}]},"bone44":{"rotate":[{"time":0,"angle":0,"curve":"stepped"},{"time":1.6333,"angle":0,"curve":"stepped"},{"time":1.6667,"angle":0,"curve":"stepped"},{"time":3.3333,"angle":0}],"translate":[{"time":0,"x":0,"y":0,"curve":"stepped"},{"time":1.6333,"x":0,"y":0,"curve":"stepped"},{"time":1.6667,"x":0,"y":0,"curve":"stepped"},{"time":3.3333,"x":0,"y":0}],"scale":[{"time":0,"x":1,"y":1,"curve":"stepped"},{"time":1.6333,"x":1,"y":1,"curve":"stepped"},{"time":1.6667,"x":1,"y":1,"curve":"stepped"},{"time":3.3333,"x":1,"y":1}]},"niu2":{"rotate":[{"time":0,"angle":0,"curve":"stepped"},{"time":1.6667,"angle":0,"curve":"stepped"},{"time":3.3333,"angle":0}],"translate":[{"time":0,"x":0,"y":0,"curve":[0,0.69,0.75,1]},{"time":1.6667,"x":0,"y":-2.47},{"time":3.3333,"x":0,"y":0}],"scale":[{"time":0,"x":1,"y":1,"curve":"stepped"},{"time":1.6667,"x":1,"y":1,"curve":"stepped"},{"time":3.3333,"x":1,"y":1}]},"bone45":{"rotate":[{"time":0,"angle":0,"curve":"stepped"},{"time":1.6667,"angle":0,"curve":"stepped"},{"time":3.3333,"angle":0}],"translate":[{"time":0,"x":0,"y":0,"curve":"stepped"},{"time":1.6667,"x":0,"y":0,"curve":"stepped"},{"time":3.3333,"x":0,"y":0}],"scale":[{"time":0,"x":1,"y":1,"curve":"stepped"},{"time":1.6667,"x":1,"y":1,"curve":"stepped"},{"time":3.3333,"x":1,"y":1}]},"bone46":{"rotate":[{"time":0.8,"angle":0,"curve":"stepped"},{"time":2.4667,"angle":0,"curve":"stepped"},{"time":2.5,"angle":0}],"translate":[{"time":0.8,"x":0,"y":0,"curve":"stepped"},{"time":2.4667,"x":0,"y":0,"curve":"stepped"},{"time":2.5,"x":0,"y":0}],"scale":[{"time":0.8,"x":1,"y":1,"curve":"stepped"},{"time":2.4667,"x":1,"y":1,"curve":"stepped"},{"time":2.5,"x":1,"y":1}]},"bone33":{"rotate":[{"time":0,"angle":0,"curve":"stepped"},{"time":0.6667,"angle":0}],"translate":[{"time":0,"x":-1.65,"y":5.96,"curve":[0,0.36,0.75,1]},{"time":0.6667,"x":3.39,"y":-6.64}],"scale":[{"time":0,"x":0.3,"y":0.3,"curve":[0,0.36,0.75,1]},{"time":0.6667,"x":1.2,"y":1.2}]},"bone34":{"rotate":[{"time":0,"angle":0,"curve":"stepped"},{"time":0.6667,"angle":0}],"translate":[{"time":0,"x":1.65,"y":3.97,"curve":[0,0.17,0.75,1]},{"time":0.6667,"x":-5.56,"y":-6.94}],"scale":[{"time":0,"x":0.3,"y":0.3,"curve":[0,0.17,0.75,1]},{"time":0.6667,"x":1.2,"y":1.2}]},"bone47":{"rotate":[{"time":0.8,"angle":0,"curve":"stepped"},{"time":0.8333,"angle":0,"curve":"stepped"},{"time":2.5,"angle":0}],"translate":[{"time":0.8,"x":0,"y":0,"curve":"stepped"},{"time":0.8333,"x":0,"y":0,"curve":"stepped"},{"time":2.5,"x":0,"y":0}],"scale":[{"time":0.8,"x":1,"y":1,"curve":"stepped"},{"time":0.8333,"x":1,"y":1,"curve":"stepped"},{"time":2.5,"x":1,"y":1}]},"bone35":{"rotate":[{"time":1,"angle":0,"curve":"stepped"},{"time":2,"angle":0}],"translate":[{"time":1,"x":0,"y":0,"curve":"stepped"},{"time":2,"x":0,"y":0}],"scale":[{"time":0,"x":0.5,"y":0.5},{"time":1,"x":1,"y":1},{"time":2,"x":0.5,"y":0.5}]},"bone36":{"rotate":[{"time":1.5,"angle":0,"curve":"stepped"},{"time":2.5,"angle":0}],"translate":[{"time":1.5,"x":0,"y":0,"curve":"stepped"},{"time":2.5,"x":0,"y":0}],"scale":[{"time":0.5,"x":0.5,"y":0.5},{"time":1.5,"x":1,"y":1},{"time":2.5,"x":0.5,"y":0.5}]},"bone37":{"rotate":[{"time":2,"angle":0,"curve":"stepped"},{"time":3,"angle":0}],"translate":[{"time":2,"x":0,"y":0,"curve":"stepped"},{"time":3,"x":0,"y":0}],"scale":[{"time":1,"x":0.5,"y":0.5},{"time":2,"x":1,"y":1},{"time":3,"x":0.5,"y":0.5}]},"bone38":{"rotate":[{"time":2.3333,"angle":0,"curve":"stepped"},{"time":3.3333,"angle":0}],"translate":[{"time":2.3333,"x":0,"y":0,"curve":"stepped"},{"time":3.3333,"x":0,"y":0}],"scale":[{"time":1.3333,"x":0.5,"y":0.5},{"time":2.3333,"x":1,"y":1},{"time":3.3333,"x":0.5,"y":0.5}]},"bone39":{"rotate":[{"time":1.8333,"angle":0,"curve":"stepped"},{"time":2.8333,"angle":0}],"translate":[{"time":1.8333,"x":0,"y":0,"curve":"stepped"},{"time":2.8333,"x":0,"y":0}],"scale":[{"time":0.8333,"x":0.5,"y":0.5},{"time":1.8333,"x":1,"y":1},{"time":2.8333,"x":0.5,"y":0.5}]},"bone40":{"rotate":[{"time":1.8333,"angle":0,"curve":"stepped"},{"time":2.8333,"angle":0}],"translate":[{"time":1.8333,"x":0,"y":0,"curve":"stepped"},{"time":2.8333,"x":0,"y":0}],"scale":[{"time":0.8333,"x":0.5,"y":0.5},{"time":1.8333,"x":1,"y":1},{"time":2.8333,"x":0.5,"y":0.5}]}}},"zhajinhua":{"slots":{"srnn/srnn_sirenniuniu":{"attachment":[{"time":0,"name":null}]},"srnn/srnn_ssx7":{"color":[{"time":0,"color":"ffe77100"},{"time":0.8333,"color":"ffe771fe"},{"time":1.6667,"color":"ffe77100"}],"attachment":[{"time":0,"name":"srnn/srnn_ssx"}]},"srnn/srnn_ssx8":{"color":[{"time":0.6667,"color":"ffe77100"},{"time":1.5,"color":"ffe771fe"},{"time":2.3333,"color":"ffe77100"}],"attachment":[{"time":0.6667,"name":"srnn/srnn_ssx"}]},"srnn/srnn_ssx9":{"color":[{"time":1.2667,"color":"ffe77100"},{"time":2.1,"color":"ffe771fe"},{"time":2.9333,"color":"ffe77100"}],"attachment":[{"time":1.2667,"name":"srnn/srnn_ssx"}]},"srnn/srnn_ssx10":{"color":[{"time":0.1667,"color":"ffe77100"},{"time":1,"color":"ffe771fe"},{"time":1.8333,"color":"ffe77100","curve":"stepped"},{"time":1.9,"color":"ffe77100"},{"time":2.6667,"color":"ffe771fe"},{"time":3.3333,"color":"ffe77100"}],"attachment":[{"time":0.1667,"name":"srnn/srnn_ssx"},{"time":1.9,"name":"srnn/srnn_ssx"}]},"srnn/srnn_ssx11":{"color":[{"time":0,"color":"ffe771f4"},{"time":0.8,"color":"ffe77100","curve":"stepped"},{"time":2.4667,"color":"ffe77100"},{"time":3.3,"color":"ffe771fe"}],"attachment":[{"time":0,"name":"srnn/srnn_ssx"}]},"srnn/srnn_ssx12":{"color":[{"time":0.4,"color":"ffe77100"},{"time":1.2333,"color":"ffe771fe"},{"time":2.0667,"color":"ffe77100"}],"attachment":[{"time":0.4,"name":"srnn/srnn_ssx"}]},"ty_dicengguagn4":{"color":[{"time":0,"color":"ffffff32"},{"time":1.6667,"color":"ffffffc6"},{"time":3.3333,"color":"ffffff32"}],"attachment":[{"time":0,"name":"ty_dicengguagn"}]},"ty_ditubiao4":{"attachment":[{"time":0,"name":"ty_ditubiao"}]},"ty_shangcengguang4":{"color":[{"time":0,"color":"ffffff4e","curve":"stepped"},{"time":3.3333,"color":"ffffff4e"}],"attachment":[{"time":0,"name":"ty_shangcengguang"}]},"ty_yuanquan4":{"attachment":[{"time":0,"name":"ty_yuanquan"}]},"zhajinhua/hx1":{"attachment":[{"time":0,"name":"zhajinhua/hx1"},{"time":0.1,"name":"zhajinhua/hx2"},{"time":0.2,"name":"zhajinhua/hx3"},{"time":0.3,"name":"zhajinhua/hx1"},{"time":0.4,"name":"zhajinhua/hx2"},{"time":0.5,"name":"zhajinhua/hx3"},{"time":0.6,"name":"zhajinhua/hx1"},{"time":0.7,"name":"zhajinhua/hx2"},{"time":0.8,"name":"zhajinhua/hx3"},{"time":0.9,"name":"zhajinhua/hx1"},{"time":1,"name":"zhajinhua/hx2"},{"time":1.1,"name":"zhajinhua/hx3"},{"time":1.2,"name":"zhajinhua/hx1"},{"time":1.3,"name":"zhajinhua/hx2"},{"time":1.4,"name":"zhajinhua/hx3"},{"time":1.5,"name":"zhajinhua/hx1"},{"time":1.6,"name":"zhajinhua/hx2"},{"time":1.7,"name":"zhajinhua/hx3"},{"time":1.8,"name":"zhajinhua/hx1"},{"time":1.9,"name":"zhajinhua/hx2"},{"time":2,"name":"zhajinhua/hx3"},{"time":2.1,"name":"zhajinhua/hx1"},{"time":2.2,"name":"zhajinhua/hx2"},{"time":2.3,"name":"zhajinhua/hx3"},{"time":2.4,"name":"zhajinhua/hx1"},{"time":2.5,"name":"zhajinhua/hx2"},{"time":2.6,"name":"zhajinhua/hx3"},{"time":2.7,"name":"zhajinhua/hx1"},{"time":2.8,"name":"zhajinhua/hx2"},{"time":2.9,"name":"zhajinhua/hx3"},{"time":3,"name":"zhajinhua/hx1"},{"time":3.1,"name":"zhajinhua/hx2"},{"time":3.2,"name":"zhajinhua/hx3"},{"time":3.3,"name":"zhajinhua/hx1"}]},"zhajinhua/zjh_a":{"attachment":[{"time":0,"name":"zhajinhua/zjh_a"}]},"zhajinhua/zjh_a2":{"attachment":[{"time":0,"name":"zhajinhua/zjh_a"}]},"zhajinhua/zjh_a3":{"attachment":[{"time":0,"name":"zhajinhua/zjh_a"}]},"zhajinhua/zjh_guang":{"color":[{"time":0,"color":"ffffff32"},{"time":1.6667,"color":"ffffffff"},{"time":3.3333,"color":"ffffff32"}],"attachment":[{"time":0,"name":"zhajinhua/zjh_guang"}]},"zhajinhua/zjh_xin":{"attachment":[{"time":0,"name":"zhajinhua/zjh_xin"}]},"zhajinhua/zjh_xin2":{"attachment":[{"time":0,"name":"zhajinhua/zjh_xin"}]},"zhajinhua/zjh_xin3":{"attachment":[{"time":0,"name":"zhajinhua/zjh_xin"}]},"zhajinhua/zjh_xin4":{"attachment":[{"time":0,"name":"zhajinhua/zjh_xin"}]},"zhajinhua/zjh_zhadan":{"attachment":[{"time":0,"name":"zhajinhua/zjh_zhadan"}]},"zhajinhua/zjh_zhajinhua":{"attachment":[{"time":0,"name":"zhajinhua/zjh_zhajinhua"}]}},"bones":{"bone50":{"rotate":[{"time":0,"angle":0},{"time":1.6667,"angle":180},{"time":3.3333,"angle":0}],"translate":[{"time":0,"x":0,"y":0,"curve":"stepped"},{"time":3.3333,"x":0,"y":0}],"scale":[{"time":0,"x":1,"y":1,"curve":"stepped"},{"time":3.3333,"x":1,"y":1}]},"bone49":{"rotate":[{"time":0,"angle":0,"curve":"stepped"},{"time":1.6667,"angle":0,"curve":"stepped"},{"time":3.3333,"angle":0}],"translate":[{"time":0,"x":0,"y":0,"curve":"stepped"},{"time":1.6667,"x":0,"y":0,"curve":"stepped"},{"time":3.3333,"x":0,"y":0}],"scale":[{"time":0,"x":1,"y":1,"curve":"stepped"},{"time":1.6667,"x":1,"y":1,"curve":"stepped"},{"time":3.3333,"x":1,"y":1}]},"niu3":{"rotate":[{"time":0,"angle":0,"curve":"stepped"},{"time":3.3333,"angle":0}],"translate":[{"time":0,"x":0,"y":0},{"time":1.6667,"x":0,"y":-5.53},{"time":3.3333,"x":0,"y":0}],"scale":[{"time":0,"x":1,"y":1,"curve":"stepped"},{"time":3.3333,"x":1,"y":1}]},"bone57":{"rotate":[{"time":0,"angle":0,"curve":"stepped"},{"time":0.8333,"angle":0,"curve":"stepped"},{"time":1.6667,"angle":0}],"translate":[{"time":0,"x":0,"y":0,"curve":"stepped"},{"time":0.8333,"x":0,"y":0,"curve":"stepped"},{"time":1.6667,"x":0,"y":0}],"scale":[{"time":0,"x":0.5,"y":0.5},{"time":0.8333,"x":1,"y":1},{"time":1.6667,"x":0.5,"y":0.5}]},"bone58":{"rotate":[{"time":0.6667,"angle":0,"curve":"stepped"},{"time":1.5,"angle":0,"curve":"stepped"},{"time":2.3333,"angle":0}],"translate":[{"time":0.6667,"x":0,"y":0,"curve":"stepped"},{"time":1.5,"x":0,"y":0,"curve":"stepped"},{"time":2.3333,"x":0,"y":0}],"scale":[{"time":0.6667,"x":0.5,"y":0.5},{"time":1.5,"x":1,"y":1},{"time":2.3333,"x":0.5,"y":0.5}]},"bone59":{"rotate":[{"time":1.2667,"angle":0,"curve":"stepped"},{"time":2.1,"angle":0,"curve":"stepped"},{"time":2.9333,"angle":0}],"translate":[{"time":1.2667,"x":0,"y":0,"curve":"stepped"},{"time":2.1,"x":0,"y":0,"curve":"stepped"},{"time":2.9333,"x":0,"y":0}],"scale":[{"time":1.2667,"x":0.5,"y":0.5},{"time":2.1,"x":1,"y":1},{"time":2.9333,"x":0.5,"y":0.5}]},"bone60":{"rotate":[{"time":0.1667,"angle":0,"curve":"stepped"},{"time":1,"angle":0,"curve":"stepped"},{"time":1.8333,"angle":0,"curve":"stepped"},{"time":1.9,"angle":0,"curve":"stepped"},{"time":2.6667,"angle":0,"curve":"stepped"},{"time":3.3333,"angle":0}],"translate":[{"time":0.1667,"x":0,"y":0,"curve":"stepped"},{"time":1,"x":0,"y":0,"curve":"stepped"},{"time":1.8333,"x":0,"y":0,"curve":"stepped"},{"time":1.9,"x":0,"y":0,"curve":"stepped"},{"time":2.6667,"x":0,"y":0,"curve":"stepped"},{"time":3.3333,"x":0,"y":0}],"scale":[{"time":0.1667,"x":0.5,"y":0.5},{"time":1,"x":1,"y":1},{"time":1.8333,"x":0.5,"y":0.5,"curve":"stepped"},{"time":1.9,"x":0.5,"y":0.5},{"time":2.6667,"x":1,"y":1},{"time":3.3333,"x":0.5,"y":0.5}]},"bone61":{"rotate":[{"time":0,"angle":0,"curve":"stepped"},{"time":0.8,"angle":0,"curve":"stepped"},{"time":2.4667,"angle":0,"curve":"stepped"},{"time":3.3,"angle":0}],"translate":[{"time":0,"x":0,"y":0,"curve":"stepped"},{"time":0.8,"x":0,"y":0,"curve":"stepped"},{"time":2.4667,"x":0,"y":0,"curve":"stepped"},{"time":3.3,"x":0,"y":0}],"scale":[{"time":0,"x":0.98,"y":0.98},{"time":0.8,"x":0.5,"y":0.5,"curve":"stepped"},{"time":2.4667,"x":0.5,"y":0.5},{"time":3.3,"x":1,"y":1}]},"bone62":{"rotate":[{"time":0.4,"angle":0,"curve":"stepped"},{"time":1.2333,"angle":0,"curve":"stepped"},{"time":2.0667,"angle":0}],"translate":[{"time":0.4,"x":0,"y":0,"curve":"stepped"},{"time":1.2333,"x":0,"y":0,"curve":"stepped"},{"time":2.0667,"x":0,"y":0}],"scale":[{"time":0.4,"x":0.5,"y":0.5},{"time":1.2333,"x":1,"y":1},{"time":2.0667,"x":0.5,"y":0.5}]},"bone88":{"rotate":[{"time":0,"angle":0,"curve":"stepped"},{"time":3.3333,"angle":0}],"translate":[{"time":0,"x":0,"y":0,"curve":"stepped"},{"time":3.3333,"x":0,"y":0}],"scale":[{"time":0,"x":1,"y":1},{"time":0.8333,"x":1.1,"y":1.1},{"time":1.6667,"x":1,"y":1},{"time":2.5,"x":1.1,"y":1.1},{"time":3.3333,"x":1,"y":1}]},"bone83":{"rotate":[{"time":0,"angle":0,"curve":"stepped"},{"time":3.3333,"angle":0}],"translate":[{"time":0,"x":0,"y":0},{"time":1.6667,"x":0,"y":6.27},{"time":3.3333,"x":0,"y":0}],"scale":[{"time":0,"x":1,"y":1,"curve":"stepped"},{"time":3.3333,"x":1,"y":1}]},"bone82":{"rotate":[{"time":0,"angle":0,"curve":"stepped"},{"time":3.3333,"angle":0}],"translate":[{"time":0,"x":0,"y":0,"curve":"stepped"},{"time":3.3333,"x":0,"y":0}],"scale":[{"time":0,"x":1,"y":1,"curve":"stepped"},{"time":3.3333,"x":1,"y":1}]},"bone85":{"rotate":[{"time":0,"angle":0,"curve":"stepped"},{"time":3.3333,"angle":0}],"translate":[{"time":0,"x":0,"y":0},{"time":1.6667,"x":-1.15,"y":1.72},{"time":3.3333,"x":0,"y":0}],"scale":[{"time":0,"x":1,"y":1,"curve":"stepped"},{"time":3.3333,"x":1,"y":1}]},"bone86":{"rotate":[{"time":0,"angle":0,"curve":"stepped"},{"time":3.3333,"angle":0}],"translate":[{"time":0,"x":0,"y":0},{"time":1.7,"x":3.16,"y":-4.02},{"time":3.3333,"x":0,"y":0}],"scale":[{"time":0,"x":1,"y":1,"curve":"stepped"},{"time":3.3333,"x":1,"y":1}]},"bone87":{"rotate":[{"time":0,"angle":0,"curve":"stepped"},{"time":1.6667,"angle":0,"curve":"stepped"},{"time":3.3333,"angle":0}],"translate":[{"time":0,"x":0,"y":0},{"time":1.6667,"x":0.57,"y":0.86},{"time":3.3333,"x":0,"y":0}],"scale":[{"time":0,"x":1,"y":1,"curve":"stepped"},{"time":1.6667,"x":1,"y":1,"curve":"stepped"},{"time":3.3333,"x":1,"y":1}]},"bone89":{"rotate":[{"time":0,"angle":0,"curve":"stepped"},{"time":3.3333,"angle":0}],"translate":[{"time":0,"x":0,"y":0,"curve":"stepped"},{"time":3.3333,"x":0,"y":0}],"scale":[{"time":0,"x":1,"y":1},{"time":0.8333,"x":1.1,"y":1.1},{"time":1.6667,"x":1,"y":1},{"time":2.5,"x":1.1,"y":1.1},{"time":3.3333,"x":1,"y":1}]},"bone90":{"rotate":[{"time":0,"angle":0,"curve":"stepped"},{"time":3.3333,"angle":0}],"translate":[{"time":0,"x":0,"y":0,"curve":"stepped"},{"time":3.3333,"x":0,"y":0}],"scale":[{"time":0,"x":1,"y":1},{"time":0.8333,"x":0.75,"y":0.75},{"time":1.6667,"x":1,"y":1},{"time":2.5,"x":0.75,"y":0.75},{"time":3.3333,"x":1,"y":1}]},"bone91":{"rotate":[{"time":0,"angle":0,"curve":"stepped"},{"time":3.3333,"angle":0}],"translate":[{"time":0,"x":0,"y":0,"curve":"stepped"},{"time":3.3333,"x":0,"y":0}],"scale":[{"time":0,"x":1,"y":1},{"time":0.8333,"x":1.25,"y":1.25},{"time":1.6667,"x":1,"y":1},{"time":2.5,"x":1.25,"y":1.25},{"time":3.3333,"x":1,"y":1}]}}}}}